[{"model": "accounts.user", "fields": {"password": "pbkdf2_sha256$1200000$sDe5GYdMNE5iQv9QfioT3J$PiJGWhksdt7RfMZ293J7Oqk2j7K7U9jJLiXUpvvOG3k=", "last_login": null, "is_superuser": true, "email": "atul@atulpos.com", "phone": null, "full_name": "Atul Admin", "client": null, "role": "superadmin", "custom_role": null, "outlet": "6576000e-f3c2-4081-81e7-56bd0fc19d9a", "pin": null, "is_active": true, "is_staff": true, "is_email_verified": false, "last_seen": "2026-03-25T09:59:43.139Z", "last_login_ip": null, "login_count": 0, "date_joined": "2026-03-25T09:59:43.139Z", "password_changed_at": null, "groups": [], "user_permissions": []}}, {"model": "accounts.permission", "pk": "041739f8-910c-47ba-a2e6-248a85f6b8fc", "fields": {"created_at": "2026-03-26T00:07:31.991Z", "updated_at": "2026-03-26T00:07:31.991Z", "created_by": null, "updated_by": null, "is_active": true, "deleted_at": null, "name": "can_delete_category", "display_name": "Can Delete Categories", "description": "Ability to delete menu categories", "category": "menu_management", "is_superadmin_only": false, "resource": "category", "action": "delete"}}, {"model": "accounts.permission", "pk": "061151d8-1c0f-4490-b2e3-214a59ddee9f", "fields": {"created_at": "2026-03-26T00:07:31.959Z", "updated_at": "2026-03-26T00:07:31.959Z", "created_by": null, "updated_by": null, "is_active": true, "deleted_at": null, "name": "can_update_user", "display_name": "Can Update Users", "description": "Ability to modify user accounts", "category": "user_management", "is_superadmin_only": false, "resource": "user", "action": "update"}}, {"model": "accounts.permission", "pk": "0769c8ee-ec80-42e7-83d2-689768183a2e", "fields": {"created_at": "2026-03-26T00:07:32.087Z", "updated_at": "2026-03-26T00:07:32.087Z", "created_by": null, "updated_by": null, "is_active": true, "deleted_at": null, "name": "can_create_outlet", "display_name": "Can Create Outlets", "description": "Ability to create new outlets", "category": "outlet_management", "is_superadmin_only": false, "resource": "outlet", "action": "create"}}, {"model": "accounts.permission", "pk": "1000a644-556c-417a-b808-b5872878560e", "fields": {"created_at": "2026-03-26T00:07:31.970Z", "updated_at": "2026-03-26T00:07:31.970Z", "created_by": null, "updated_by": null, "is_active": true, "deleted_at": null, "name": "can_view_users", "display_name": "Can View Users", "description": "Ability to view user accounts", "category": "user_management", "is_superadmin_only": false, "resource": "user", "action": "read"}}, {"model": "accounts.permission", "pk": "265678ef-98be-44eb-97fc-d1a6ad34e79d", "fields": {"created_at": "2026-03-26T00:07:31.964Z", "updated_at": "2026-03-26T00:07:31.964Z", "created_by": null, "updated_by": null, "is_active": true, "deleted_at": null, "name": "can_delete_user", "display_name": "Can Delete Users", "description": "Ability to delete user accounts", "category": "user_management", "is_superadmin_only": false, "resource": "user", "action": "delete"}}, {"model": "accounts.permission", "pk": "331029e4-3f16-4e71-b6ad-7c333b5ec639", "fields": {"created_at": "2026-03-26T00:07:32.050Z", "updated_at": "2026-03-26T00:07:32.050Z", "created_by": null, "updated_by": null, "is_active": true, "deleted_at": null, "name": "can_refund_order", "display_name": "Can Refund Orders", "description": "Ability to process order refunds", "category": "order_management", "is_superadmin_only": false, "resource": "order", "action": "refund"}}, {"model": "accounts.permission", "pk": "3dac8591-a0da-4212-843d-ae0e2a4bb662", "fields": {"created_at": "2026-03-26T00:07:31.998Z", "updated_at": "2026-03-26T00:07:31.998Z", "created_by": null, "updated_by": null, "is_active": true, "deleted_at": null, "name": "can_create_product", "display_name": "Can Create Products", "description": "Ability to create menu products", "category": "menu_management", "is_superadmin_only": false, "resource": "product", "action": "create"}}, {"model": "accounts.permission", "pk": "3f7ba5e8-5033-4213-9717-27c2b0e59b90", "fields": {"created_at": "2026-03-26T00:07:32.109Z", "updated_at": "2026-03-26T00:07:32.109Z", "created_by": null, "updated_by": null, "is_active": true, "deleted_at": null, "name": "can_create_customer", "display_name": "Can Create Customers", "description": "Ability to create customer accounts", "category": "customer_management", "is_superadmin_only": false, "resource": "customer", "action": "create"}}, {"model": "accounts.permission", "pk": "49c53ee2-fa0d-44ee-ab51-d5e6aa7de9e0", "fields": {"created_at": "2026-03-26T00:07:32.022Z", "updated_at": "2026-03-26T00:07:32.022Z", "created_by": null, "updated_by": null, "is_active": true, "deleted_at": null, "name": "can_manage_pricing", "display_name": "Can Manage Pricing", "description": "Ability to modify product prices", "category": "menu_management", "is_superadmin_only": false, "resource": "product", "action": "manage_pricing"}}, {"model": "accounts.permission", "pk": "518dd3f1-24e3-46bf-98da-d77cbe4cf87f", "fields": {"created_at": "2026-03-26T00:07:32.137Z", "updated_at": "2026-03-26T00:07:32.137Z", "created_by": null, "updated_by": null, "is_active": true, "deleted_at": null, "name": "can_manage_distribution", "display_name": "Can Manage Distribution", "description": "Ability to manage distribution orders", "category": "distribution", "is_superadmin_only": false, "resource": "distribution", "action": "manage"}}, {"model": "accounts.permission", "pk": "51d12938-4b8d-4e05-b3ad-c5e72ce7295d", "fields": {"created_at": "2026-03-26T00:07:32.076Z", "updated_at": "2026-03-26T00:07:32.076Z", "created_by": null, "updated_by": null, "is_active": true, "deleted_at": null, "name": "can_export_reports", "display_name": "Can Export Reports", "description": "Ability to export reports", "category": "analytics", "is_superadmin_only": false, "resource": "analytics", "action": "export"}}, {"model": "accounts.permission", "pk": "73dc1b7f-2a46-4b55-804b-f7f9c6d8354f", "fields": {"created_at": "2026-03-26T00:07:32.129Z", "updated_at": "2026-03-26T00:07:32.129Z", "created_by": null, "updated_by": null, "is_active": true, "deleted_at": null, "name": "can_manage_api_tokens", "display_name": "Can Manage API Tokens", "description": "Ability to create and manage API tokens", "category": "settings", "is_superadmin_only": true, "resource": "api_token", "action": "manage"}}, {"model": "accounts.permission", "pk": "787135d4-8c96-4c55-82ac-d47bd7d6ef69", "fields": {"created_at": "2026-03-26T00:07:32.010Z", "updated_at": "2026-03-26T00:07:32.010Z", "created_by": null, "updated_by": null, "is_active": true, "deleted_at": null, "name": "can_update_product", "display_name": "Can Update Products", "description": "Ability to modify menu products", "category": "menu_management", "is_superadmin_only": false, "resource": "product", "action": "update"}}, {"model": "accounts.permission", "pk": "7c8e9d2c-771c-4a2b-b7ba-0205d2dae77d", "fields": {"created_at": "2026-03-26T00:07:32.081Z", "updated_at": "2026-03-26T00:07:32.081Z", "created_by": null, "updated_by": null, "is_active": true, "deleted_at": null, "name": "can_view_financial_reports", "display_name": "Can View Financial Reports", "description": "Ability to view financial reports", "category": "financial", "is_superadmin_only": false, "resource": "financial_report", "action": "read"}}, {"model": "accounts.permission", "pk": "88558790-4715-4f13-80f4-e2cc077fc425", "fields": {"created_at": "2026-03-26T00:07:32.141Z", "updated_at": "2026-03-26T00:07:32.141Z", "created_by": null, "updated_by": null, "is_active": true, "deleted_at": null, "name": "can_view_distribution", "display_name": "Can View Distribution", "description": "Ability to view distribution orders", "category": "distribution", "is_superadmin_only": false, "resource": "distribution", "action": "read"}}, {"model": "accounts.permission", "pk": "95ccb582-15e1-4a78-8e4a-f391d39353c1", "fields": {"created_at": "2026-03-26T00:07:32.065Z", "updated_at": "2026-03-26T00:07:32.065Z", "created_by": null, "updated_by": null, "is_active": true, "deleted_at": null, "name": "can_adjust_inventory", "display_name": "Can Adjust Inventory", "description": "Ability to manually adjust inventory", "category": "inventory", "is_superadmin_only": false, "resource": "inventory", "action": "adjust"}}, {"model": "accounts.permission", "pk": "999ec98a-96bc-4557-a9c7-dd36d43ce739", "fields": {"created_at": "2026-03-26T00:07:31.982Z", "updated_at": "2026-03-26T00:07:31.982Z", "created_by": null, "updated_by": null, "is_active": true, "deleted_at": null, "name": "can_create_category", "display_name": "Can Create Categories", "description": "Ability to create menu categories", "category": "menu_management", "is_superadmin_only": false, "resource": "category", "action": "create"}}, {"model": "accounts.permission", "pk": "9aa9e338-f239-4126-bbf6-cbcba0cb7bde", "fields": {"created_at": "2026-03-26T00:07:32.058Z", "updated_at": "2026-03-26T00:07:32.058Z", "created_by": null, "updated_by": null, "is_active": true, "deleted_at": null, "name": "can_manage_inventory", "display_name": "Can Manage Inventory", "description": "Ability to manage inventory levels", "category": "inventory", "is_superadmin_only": false, "resource": "inventory", "action": "manage"}}, {"model": "accounts.permission", "pk": "9be83a60-04c0-44a0-a68d-7f7c5b57cad2", "fields": {"created_at": "2026-03-26T00:07:32.017Z", "updated_at": "2026-03-26T00:07:32.017Z", "created_by": null, "updated_by": null, "is_active": true, "deleted_at": null, "name": "can_delete_product", "display_name": "Can Delete Products", "description": "Ability to delete menu products", "category": "menu_management", "is_superadmin_only": false, "resource": "product", "action": "delete"}}, {"model": "accounts.permission", "pk": "a0088115-a516-41f6-affd-867d6a6a111f", "fields": {"created_at": "2026-03-26T00:07:32.054Z", "updated_at": "2026-03-26T00:07:32.054Z", "created_by": null, "updated_by": null, "is_active": true, "deleted_at": null, "name": "can_view_orders", "display_name": "Can View Orders", "description": "Ability to view all orders", "category": "order_management", "is_superadmin_only": false, "resource": "order", "action": "read"}}, {"model": "accounts.permission", "pk": "a5c1f355-1498-4234-aa65-4c2dd7bbc75c", "fields": {"created_at": "2026-03-26T00:07:32.069Z", "updated_at": "2026-03-26T00:07:32.069Z", "created_by": null, "updated_by": null, "is_active": true, "deleted_at": null, "name": "can_view_analytics", "display_name": "Can View Analytics", "description": "Ability to view analytics and reports", "category": "analytics", "is_superadmin_only": false, "resource": "analytics", "action": "read"}}, {"model": "accounts.permission", "pk": "a62502a1-87a6-4c33-9d30-cc903ef9fba5", "fields": {"created_at": "2026-03-26T00:07:32.036Z", "updated_at": "2026-03-26T00:07:32.036Z", "created_by": null, "updated_by": null, "is_active": true, "deleted_at": null, "name": "can_update_order", "display_name": "Can Update Orders", "description": "Ability to modify existing orders", "category": "order_management", "is_superadmin_only": false, "resource": "order", "action": "update"}}, {"model": "accounts.permission", "pk": "a696693e-30f8-44e6-844c-ae4efe401f25", "fields": {"created_at": "2026-03-26T00:07:32.114Z", "updated_at": "2026-03-26T00:07:32.114Z", "created_by": null, "updated_by": null, "is_active": true, "deleted_at": null, "name": "can_update_customer", "display_name": "Can Update Customers", "description": "Ability to modify customer accounts", "category": "customer_management", "is_superadmin_only": false, "resource": "customer", "action": "update"}}, {"model": "accounts.permission", "pk": "be590f35-afc9-406b-940a-8ecc7f1389c9", "fields": {"created_at": "2026-03-26T00:07:32.118Z", "updated_at": "2026-03-26T00:07:32.118Z", "created_by": null, "updated_by": null, "is_active": true, "deleted_at": null, "name": "can_view_customers", "display_name": "Can View Customers", "description": "Ability to view customer information", "category": "customer_management", "is_superadmin_only": false, "resource": "customer", "action": "read"}}, {"model": "accounts.permission", "pk": "c329aec3-a7f9-4acf-b723-9a8eec16f684", "fields": {"created_at": "2026-03-26T00:07:31.953Z", "updated_at": "2026-03-26T00:07:31.953Z", "created_by": null, "updated_by": null, "is_active": true, "deleted_at": null, "name": "can_create_user", "display_name": "Can Create Users", "description": "Ability to create new user accounts", "category": "user_management", "is_superadmin_only": false, "resource": "user", "action": "create"}}, {"model": "accounts.permission", "pk": "c6bb8aae-3b2c-4277-a420-1632044a2ccc", "fields": {"created_at": "2026-03-26T00:07:32.031Z", "updated_at": "2026-03-26T00:07:32.031Z", "created_by": null, "updated_by": null, "is_active": true, "deleted_at": null, "name": "can_create_order", "display_name": "Can Create Orders", "description": "Ability to create new orders", "category": "order_management", "is_superadmin_only": false, "resource": "order", "action": "create"}}, {"model": "accounts.permission", "pk": "d064bc53-1f29-443f-82a1-07408b1bb479", "fields": {"created_at": "2026-03-26T00:07:32.125Z", "updated_at": "2026-03-26T00:07:32.125Z", "created_by": null, "updated_by": null, "is_active": true, "deleted_at": null, "name": "can_manage_settings", "display_name": "Can Manage Settings", "description": "Ability to modify system settings", "category": "settings", "is_superadmin_only": false, "resource": "settings", "action": "manage"}}, {"model": "accounts.permission", "pk": "dc6ffa91-9ee0-4af4-a899-a710b07d05fe", "fields": {"created_at": "2026-03-26T00:07:31.987Z", "updated_at": "2026-03-26T00:07:31.987Z", "created_by": null, "updated_by": null, "is_active": true, "deleted_at": null, "name": "can_update_category", "display_name": "Can Update Categories", "description": "Ability to modify menu categories", "category": "menu_management", "is_superadmin_only": false, "resource": "category", "action": "update"}}, {"model": "accounts.permission", "pk": "dc7fd393-6288-47ca-86c0-5a0960bbb723", "fields": {"created_at": "2026-03-26T00:07:32.092Z", "updated_at": "2026-03-26T00:07:32.092Z", "created_by": null, "updated_by": null, "is_active": true, "deleted_at": null, "name": "can_update_outlet", "display_name": "Can Update Outlets", "description": "Ability to modify outlet settings", "category": "outlet_management", "is_superadmin_only": false, "resource": "outlet", "action": "update"}}, {"model": "accounts.permission", "pk": "e2359a12-753c-4340-92d5-f1ddac9157bf", "fields": {"created_at": "2026-03-26T00:07:32.042Z", "updated_at": "2026-03-26T00:07:32.042Z", "created_by": null, "updated_by": null, "is_active": true, "deleted_at": null, "name": "can_cancel_order", "display_name": "Can Cancel Orders", "description": "Ability to cancel orders", "category": "order_management", "is_superadmin_only": false, "resource": "order", "action": "cancel"}}, {"model": "accounts.permission", "pk": "e2a3a1ef-bccf-4dce-92b5-7b976c1968de", "fields": {"created_at": "2026-03-26T00:07:32.062Z", "updated_at": "2026-03-26T00:07:32.062Z", "created_by": null, "updated_by": null, "is_active": true, "deleted_at": null, "name": "can_view_inventory", "display_name": "Can View Inventory", "description": "Ability to view inventory levels", "category": "inventory", "is_superadmin_only": false, "resource": "inventory", "action": "read"}}, {"model": "accounts.permission", "pk": "e642752d-3d28-4a96-a907-d433c08952ef", "fields": {"created_at": "2026-03-26T00:07:31.977Z", "updated_at": "2026-03-26T00:07:31.977Z", "created_by": null, "updated_by": null, "is_active": true, "deleted_at": null, "name": "can_manage_roles", "display_name": "Can Manage Roles", "description": "Ability to create and assign roles", "category": "user_management", "is_superadmin_only": false, "resource": "role", "action": "manage"}}, {"model": "accounts.permission", "pk": "f1267b25-23de-4954-b30a-7a23b5a71c5f", "fields": {"created_at": "2026-03-26T00:07:32.102Z", "updated_at": "2026-03-26T00:07:32.102Z", "created_by": null, "updated_by": null, "is_active": true, "deleted_at": null, "name": "can_delete_outlet", "display_name": "Can Delete Outlets", "description": "Ability to delete outlets", "category": "outlet_management", "is_superadmin_only": false, "resource": "outlet", "action": "delete"}}, {"model": "accounts.role", "pk": "03c31427-c237-47d2-9ad4-61fe2e6c6f32", "fields": {"created_at": "2026-03-26T00:07:39.683Z", "updated_at": "2026-03-26T00:07:39.683Z", "created_by": null, "updated_by": null, "is_active": true, "deleted_at": null, "name": "View Only", "slug": "view-only", "description": "Read-only access to data", "client": null, "is_system_role": true, "is_superadmin_role": false, "is_client_admin_role": false, "priority": 10, "permissions": ["a5c1f355-1498-4234-aa65-4c2dd7bbc75c", "be590f35-afc9-406b-940a-8ecc7f1389c9", "88558790-4715-4f13-80f4-e2cc077fc425", "e2a3a1ef-bccf-4dce-92b5-7b976c1968de", "a0088115-a516-41f6-affd-867d6a6a111f", "1000a644-556c-417a-b808-b5872878560e"]}}, {"model": "accounts.role", "pk": "0c15a09d-caca-40c4-a8d8-e72e940e5a87", "fields": {"created_at": "2026-03-26T00:07:39.641Z", "updated_at": "2026-03-26T00:07:39.641Z", "created_by": null, "updated_by": null, "is_active": true, "deleted_at": null, "name": "Inventory Manager", "slug": "inventory-manager", "description": "Manage inventory and stock", "client": null, "is_system_role": true, "is_superadmin_role": false, "is_client_admin_role": false, "priority": 60, "permissions": ["51d12938-4b8d-4e05-b3ad-c5e72ce7295d", "a5c1f355-1498-4234-aa65-4c2dd7bbc75c", "95ccb582-15e1-4a78-8e4a-f391d39353c1", "9aa9e338-f239-4126-bbf6-cbcba0cb7bde", "e2a3a1ef-bccf-4dce-92b5-7b976c1968de"]}}, {"model": "accounts.role", "pk": "0e6ba5ae-48dc-44e6-873e-d79c8311b017", "fields": {"created_at": "2026-03-26T00:07:39.666Z", "updated_at": "2026-03-26T00:07:39.666Z", "created_by": null, "updated_by": null, "is_active": true, "deleted_at": null, "name": "Delivery Manager", "slug": "delivery-manager", "description": "Manage delivery and distribution", "client": null, "is_system_role": true, "is_superadmin_role": false, "is_client_admin_role": false, "priority": 55, "permissions": ["be590f35-afc9-406b-940a-8ecc7f1389c9", "518dd3f1-24e3-46bf-98da-d77cbe4cf87f", "88558790-4715-4f13-80f4-e2cc077fc425", "a62502a1-87a6-4c33-9d30-cc903ef9fba5", "a0088115-a516-41f6-affd-867d6a6a111f"]}}, {"model": "accounts.role", "pk": "127147dd-87a6-4fc1-bfac-0a4b22673660", "fields": {"created_at": "2026-03-26T00:07:39.594Z", "updated_at": "2026-03-26T00:07:39.594Z", "created_by": null, "updated_by": null, "is_active": true, "deleted_at": null, "name": "Outlet Manager", "slug": "outlet-manager", "description": "Manage outlet operations", "client": null, "is_system_role": true, "is_superadmin_role": false, "is_client_admin_role": false, "priority": 70, "permissions": ["51d12938-4b8d-4e05-b3ad-c5e72ce7295d", "a5c1f355-1498-4234-aa65-4c2dd7bbc75c", "3f7ba5e8-5033-4213-9717-27c2b0e59b90", "a696693e-30f8-44e6-844c-ae4efe401f25", "be590f35-afc9-406b-940a-8ecc7f1389c9", "95ccb582-15e1-4a78-8e4a-f391d39353c1", "9aa9e338-f239-4126-bbf6-cbcba0cb7bde", "e2a3a1ef-bccf-4dce-92b5-7b976c1968de", "3dac8591-a0da-4212-843d-ae0e2a4bb662", "49c53ee2-fa0d-44ee-ab51-d5e6aa7de9e0", "dc6ffa91-9ee0-4af4-a899-a710b07d05fe", "787135d4-8c96-4c55-82ac-d47bd7d6ef69", "e2359a12-753c-4340-92d5-f1ddac9157bf", "c6bb8aae-3b2c-4277-a420-1632044a2ccc", "331029e4-3f16-4e71-b6ad-7c333b5ec639", "a62502a1-87a6-4c33-9d30-cc903ef9fba5", "a0088115-a516-41f6-affd-867d6a6a111f", "1000a644-556c-417a-b808-b5872878560e"]}}, {"model": "accounts.role", "pk": "31fe8b0a-226c-498b-8923-e97eb60eff5a", "fields": {"created_at": "2026-03-26T00:07:39.608Z", "updated_at": "2026-03-26T00:07:39.608Z", "created_by": null, "updated_by": null, "is_active": true, "deleted_at": null, "name": "Cashier", "slug": "cashier", "description": "Point of sale operations", "client": null, "is_system_role": true, "is_superadmin_role": false, "is_client_admin_role": false, "priority": 50, "permissions": ["3f7ba5e8-5033-4213-9717-27c2b0e59b90", "be590f35-afc9-406b-940a-8ecc7f1389c9", "c6bb8aae-3b2c-4277-a420-1632044a2ccc", "a62502a1-87a6-4c33-9d30-cc903ef9fba5", "a0088115-a516-41f6-affd-867d6a6a111f"]}}, {"model": "accounts.role", "pk": "41787817-0979-43f8-b8a4-d15104a6fa92", "fields": {"created_at": "2026-03-26T00:07:39.624Z", "updated_at": "2026-03-26T00:07:39.624Z", "created_by": null, "updated_by": null, "is_active": true, "deleted_at": null, "name": "Kitchen Staff", "slug": "kitchen-staff", "description": "View and manage kitchen orders", "client": null, "is_system_role": true, "is_superadmin_role": false, "is_client_admin_role": false, "priority": 40, "permissions": ["a62502a1-87a6-4c33-9d30-cc903ef9fba5", "a0088115-a516-41f6-affd-867d6a6a111f"]}}, {"model": "accounts.role", "pk": "5b2d4058-2ccc-4b64-8387-a30baece41f7", "fields": {"created_at": "2026-03-26T00:07:39.653Z", "updated_at": "2026-03-26T00:07:39.653Z", "created_by": null, "updated_by": null, "is_active": true, "deleted_at": null, "name": "Area Manager", "slug": "area-manager", "description": "Manage multiple outlets", "client": null, "is_system_role": true, "is_superadmin_role": false, "is_client_admin_role": false, "priority": 80, "permissions": ["51d12938-4b8d-4e05-b3ad-c5e72ce7295d", "a5c1f355-1498-4234-aa65-4c2dd7bbc75c", "be590f35-afc9-406b-940a-8ecc7f1389c9", "88558790-4715-4f13-80f4-e2cc077fc425", "7c8e9d2c-771c-4a2b-b7ba-0205d2dae77d", "95ccb582-15e1-4a78-8e4a-f391d39353c1", "e2a3a1ef-bccf-4dce-92b5-7b976c1968de", "999ec98a-96bc-4557-a9c7-dd36d43ce739", "3dac8591-a0da-4212-843d-ae0e2a4bb662", "49c53ee2-fa0d-44ee-ab51-d5e6aa7de9e0", "dc6ffa91-9ee0-4af4-a899-a710b07d05fe", "787135d4-8c96-4c55-82ac-d47bd7d6ef69", "331029e4-3f16-4e71-b6ad-7c333b5ec639", "a62502a1-87a6-4c33-9d30-cc903ef9fba5", "a0088115-a516-41f6-affd-867d6a6a111f", "dc7fd393-6288-47ca-86c0-5a0960bbb723", "1000a644-556c-417a-b808-b5872878560e"]}}, {"model": "accounts.role", "pk": "62ccaa02-c50d-443b-8e1a-7afdb318c331", "fields": {"created_at": "2026-03-26T00:07:39.572Z", "updated_at": "2026-03-26T00:07:39.572Z", "created_by": null, "updated_by": null, "is_active": true, "deleted_at": null, "name": "Client Admin", "slug": "client-admin", "description": "Full access within organization", "client": null, "is_system_role": true, "is_superadmin_role": false, "is_client_admin_role": true, "priority": 90, "permissions": ["51d12938-4b8d-4e05-b3ad-c5e72ce7295d", "a5c1f355-1498-4234-aa65-4c2dd7bbc75c", "3f7ba5e8-5033-4213-9717-27c2b0e59b90", "a696693e-30f8-44e6-844c-ae4efe401f25", "be590f35-afc9-406b-940a-8ecc7f1389c9", "518dd3f1-24e3-46bf-98da-d77cbe4cf87f", "88558790-4715-4f13-80f4-e2cc077fc425", "7c8e9d2c-771c-4a2b-b7ba-0205d2dae77d", "95ccb582-15e1-4a78-8e4a-f391d39353c1", "9aa9e338-f239-4126-bbf6-cbcba0cb7bde", "e2a3a1ef-bccf-4dce-92b5-7b976c1968de", "999ec98a-96bc-4557-a9c7-dd36d43ce739", "3dac8591-a0da-4212-843d-ae0e2a4bb662", "041739f8-910c-47ba-a2e6-248a85f6b8fc", "9be83a60-04c0-44a0-a68d-7f7c5b57cad2", "49c53ee2-fa0d-44ee-ab51-d5e6aa7de9e0", "dc6ffa91-9ee0-4af4-a899-a710b07d05fe", "787135d4-8c96-4c55-82ac-d47bd7d6ef69", "e2359a12-753c-4340-92d5-f1ddac9157bf", "c6bb8aae-3b2c-4277-a420-1632044a2ccc", "331029e4-3f16-4e71-b6ad-7c333b5ec639", "a62502a1-87a6-4c33-9d30-cc903ef9fba5", "a0088115-a516-41f6-affd-867d6a6a111f", "0769c8ee-ec80-42e7-83d2-689768183a2e", "f1267b25-23de-4954-b30a-7a23b5a71c5f", "dc7fd393-6288-47ca-86c0-5a0960bbb723", "d064bc53-1f29-443f-82a1-07408b1bb479", "c329aec3-a7f9-4acf-b723-9a8eec16f684", "265678ef-98be-44eb-97fc-d1a6ad34e79d", "e642752d-3d28-4a96-a907-d433c08952ef", "061151d8-1c0f-4490-b2e3-214a59ddee9f", "1000a644-556c-417a-b808-b5872878560e"]}}, {"model": "accounts.role", "pk": "c651a770-66fd-4a7c-994a-e59f37e5d8b1", "fields": {"created_at": "2026-03-26T00:07:39.565Z", "updated_at": "2026-03-26T00:07:39.565Z", "created_by": null, "updated_by": null, "is_active": true, "deleted_at": null, "name": "Super Admin", "slug": "super-admin", "description": "Full system access - all permissions", "client": null, "is_system_role": true, "is_superadmin_role": true, "is_client_admin_role": false, "priority": 100, "permissions": []}}, {"model": "outlets.outlet", "pk": "6576000e-f3c2-4081-81e7-56bd0fc19d9a", "fields": {"created_at": "2026-03-25T09:39:18.037Z", "updated_at": "2026-03-26T06:36:07.908Z", "created_by": null, "updated_by": null, "deleted_at": null, "client": null, "name": "Atul Ice Cream - Rajkot", "address": "Opp. Bhaktinagar Police Station, Kothariya Main Rd, nr. Nilkanth Cinema, Mehul Nagar,", "city": "Rajkot", "gstin": "24AAAAA0000A1Z5", "fssai_number": "12345678901234", "phone": "9876543210", "email": "atul-rajkot@atulicecream.com", "timezone": "Asia/Kolkata", "operating_hours": "{}", "outlet_code": "rajkot", "base_tax_rate": "5.00", "receipt_header": "", "receipt_footer": "Thank you for visiting!\nVisit again soon.", "outlet_type": "retail", "parent_outlet": null, "credit_limit": "0.00", "distributor_discount_pct": "0.00", "branch_type": null, "is_active": true}}, {"model": "menu.category", "pk": "90e2faf6-4ace-4470-87c2-0924e41a8d03", "fields": {"created_at": "2026-03-25T20:57:10.306Z", "updated_at": "2026-03-25T22:29:11.818Z", "created_by": null, "updated_by": null, "is_active": true, "deleted_at": null, "name": "Cassata", "display_order": 4, "icon_emoji": "\ud83c\udf70", "color_hex": "#95E1D3"}}, {"model": "menu.category", "pk": "9824a62e-b803-4156-b58b-6e13c201ed7e", "fields": {"created_at": "2026-03-25T20:57:22.148Z", "updated_at": "2026-03-25T22:29:11.819Z", "created_by": null, "updated_by": null, "is_active": true, "deleted_at": null, "name": "Atul Special", "display_order": 5, "icon_emoji": "\u2b50", "color_hex": "#F38181"}}, {"model": "menu.category", "pk": "c5f1aecf-6ddd-47f3-8061-89d832dff254", "fields": {"created_at": "2026-03-25T20:55:02.693Z", "updated_at": "2026-03-25T22:29:11.814Z", "created_by": null, "updated_by": null, "is_active": true, "deleted_at": null, "name": "Loose Ice Cream", "display_order": 1, "icon_emoji": "\ud83c\udf68", "color_hex": "#FF6B9D"}}, {"model": "menu.category", "pk": "c8bda2c1-13ae-4378-ae2f-70e2cd238e70", "fields": {"created_at": "2026-03-25T20:57:49.401Z", "updated_at": "2026-03-25T22:29:11.820Z", "created_by": null, "updated_by": null, "is_active": true, "deleted_at": null, "name": "Candy", "display_order": 6, "icon_emoji": "\ud83c\udf6d", "color_hex": "#AA96DA"}}, {"model": "menu.category", "pk": "db4b4fed-08b2-4f85-9439-16e5df7b0685", "fields": {"created_at": "2026-03-25T20:57:00.978Z", "updated_at": "2026-03-25T22:29:11.817Z", "created_by": null, "updated_by": null, "is_active": true, "deleted_at": null, "name": "Cone", "display_order": 3, "icon_emoji": "\ud83c\udf66", "color_hex": "#FFE66D"}}, {"model": "menu.category", "pk": "e46fed39-5373-4923-b1fd-58af2e3f7701", "fields": {"created_at": "2026-03-25T20:55:41.467Z", "updated_at": "2026-03-25T22:29:11.815Z", "created_by": null, "updated_by": null, "is_active": true, "deleted_at": null, "name": "Thick Shake With Ice Cream", "display_order": 2, "icon_emoji": "\ud83e\udd64", "color_hex": "#4ECDC4"}}, {"model": "menu.product", "pk": "04cbf9a7-9d30-420c-b1f9-ea4855e5c7da", "fields": {"created_at": "2026-03-25T22:29:11.955Z", "updated_at": "2026-03-25T22:29:11.955Z", "created_by": null, "updated_by": null, "is_active": true, "deleted_at": null, "category": "c5f1aecf-6ddd-47f3-8061-89d832dff254", "outlet": null, "name": "Rajbhog", "description": null, "base_price": "50.00", "tax_rate": "5.00", "hsn_code": null, "is_veg": true, "is_available": true, "image_url": null, "display_order": 21, "prep_time_minutes": 5, "allergen_tags": "[]", "is_packaged_good": false}}, {"model": "menu.product", "pk": "09b0efb4-c045-493e-b697-93f391719b00", "fields": {"created_at": "2026-03-25T22:29:12.055Z", "updated_at": "2026-03-25T22:29:12.055Z", "created_by": null, "updated_by": null, "is_active": true, "deleted_at": null, "category": "e46fed39-5373-4923-b1fd-58af2e3f7701", "outlet": null, "name": "Kaju Kismis", "description": null, "base_price": "160.00", "tax_rate": "5.00", "hsn_code": null, "is_veg": true, "is_available": true, "image_url": null, "display_order": 38, "prep_time_minutes": 5, "allergen_tags": "[]", "is_packaged_good": false}}, {"model": "menu.product", "pk": "0f9a9147-f86c-425e-b6c8-ee8b0c3f7bd9", "fields": {"created_at": "2026-03-25T22:29:11.873Z", "updated_at": "2026-03-25T22:29:11.873Z", "created_by": null, "updated_by": null, "is_active": true, "deleted_at": null, "category": "c5f1aecf-6ddd-47f3-8061-89d832dff254", "outlet": null, "name": "Rose Petals", "description": null, "base_price": "50.00", "tax_rate": "5.00", "hsn_code": null, "is_veg": true, "is_available": true, "image_url": null, "display_order": 8, "prep_time_minutes": 5, "allergen_tags": "[]", "is_packaged_good": false}}, {"model": "menu.product", "pk": "1104c630-31cd-4fb5-a697-7eb2be03f5b8", "fields": {"created_at": "2026-03-25T22:29:11.842Z", "updated_at": "2026-03-25T22:29:11.842Z", "created_by": null, "updated_by": null, "is_active": true, "deleted_at": null, "category": "c5f1aecf-6ddd-47f3-8061-89d832dff254", "outlet": null, "name": "Jelly Nuts", "description": null, "base_price": "45.00", "tax_rate": "5.00", "hsn_code": null, "is_veg": true, "is_available": true, "image_url": null, "display_order": 3, "prep_time_minutes": 5, "allergen_tags": "[]", "is_packaged_good": false}}, {"model": "menu.product", "pk": "1205d521-b998-472b-8243-55273683d65d", "fields": {"created_at": "2026-03-25T22:29:12.056Z", "updated_at": "2026-03-25T22:29:12.056Z", "created_by": null, "updated_by": null, "is_active": true, "deleted_at": null, "category": "e46fed39-5373-4923-b1fd-58af2e3f7701", "outlet": null, "name": "Butter Scotch", "description": null, "base_price": "160.00", "tax_rate": "5.00", "hsn_code": null, "is_veg": true, "is_available": true, "image_url": null, "display_order": 39, "prep_time_minutes": 5, "allergen_tags": "[]", "is_packaged_good": false}}, {"model": "menu.product", "pk": "14a35417-73c2-4222-a16b-ec779bd3a41f", "fields": {"created_at": "2026-03-25T22:29:11.822Z", "updated_at": "2026-03-27T19:16:05.726Z", "created_by": null, "updated_by": null, "is_active": true, "deleted_at": null, "category": "c5f1aecf-6ddd-47f3-8061-89d832dff254", "outlet": null, "name": "Vanilla", "description": "", "base_price": "0.00", "tax_rate": "5.00", "hsn_code": "", "is_veg": true, "is_available": true, "image_url": null, "display_order": 0, "prep_time_minutes": 5, "allergen_tags": "[]", "is_packaged_good": false}}, {"model": "menu.product", "pk": "176b02c7-1895-4746-bb4c-837f408e74ae", "fields": {"created_at": "2026-03-25T22:29:12.083Z", "updated_at": "2026-03-25T22:29:12.083Z", "created_by": null, "updated_by": null, "is_active": true, "deleted_at": null, "category": "e46fed39-5373-4923-b1fd-58af2e3f7701", "outlet": null, "name": "Traffic Jam", "description": null, "base_price": "180.00", "tax_rate": "5.00", "hsn_code": null, "is_veg": true, "is_available": true, "image_url": null, "display_order": 57, "prep_time_minutes": 5, "allergen_tags": "[]", "is_packaged_good": false}}, {"model": "menu.product", "pk": "1abe4131-b335-450d-8532-d0ead52e6683", "fields": {"created_at": "2026-03-25T22:29:11.901Z", "updated_at": "2026-03-25T22:29:11.901Z", "created_by": null, "updated_by": null, "is_active": true, "deleted_at": null, "category": "c5f1aecf-6ddd-47f3-8061-89d832dff254", "outlet": null, "name": "Choco Cake", "description": null, "base_price": "50.00", "tax_rate": "5.00", "hsn_code": null, "is_veg": true, "is_available": true, "image_url": null, "display_order": 12, "prep_time_minutes": 5, "allergen_tags": "[]", "is_packaged_good": false}}, {"model": "menu.product", "pk": "1fea0762-e233-469c-a857-f41497c776eb", "fields": {"created_at": "2026-03-25T22:29:11.978Z", "updated_at": "2026-03-25T22:29:11.978Z", "created_by": null, "updated_by": null, "is_active": true, "deleted_at": null, "category": "c5f1aecf-6ddd-47f3-8061-89d832dff254", "outlet": null, "name": "Coconut Khajur", "description": null, "base_price": "50.00", "tax_rate": "5.00", "hsn_code": null, "is_veg": true, "is_available": true, "image_url": null, "display_order": 25, "prep_time_minutes": 5, "allergen_tags": "[]", "is_packaged_good": false}}, {"model": "menu.product", "pk": "20db2878-6816-4279-bc1a-0e39f024890a", "fields": {"created_at": "2026-03-25T22:29:12.104Z", "updated_at": "2026-03-25T22:29:12.104Z", "created_by": null, "updated_by": null, "is_active": true, "deleted_at": null, "category": "db4b4fed-08b2-4f85-9439-16e5df7b0685", "outlet": null, "name": "Waffle Cone", "description": null, "base_price": "20.00", "tax_rate": "5.00", "hsn_code": null, "is_veg": true, "is_available": true, "image_url": null, "display_order": 72, "prep_time_minutes": 5, "allergen_tags": "[]", "is_packaged_good": false}}, {"model": "menu.product", "pk": "21a38fd6-c78e-4bd1-b1d1-27d80364da1a", "fields": {"created_at": "2026-03-25T22:29:12.126Z", "updated_at": "2026-03-25T22:29:12.126Z", "created_by": null, "updated_by": null, "is_active": true, "deleted_at": null, "category": "c8bda2c1-13ae-4378-ae2f-70e2cd238e70", "outlet": null, "name": "Dark Truffle", "description": null, "base_price": "60.00", "tax_rate": "5.00", "hsn_code": null, "is_veg": true, "is_available": true, "image_url": null, "display_order": 88, "prep_time_minutes": 5, "allergen_tags": "[]", "is_packaged_good": false}}, {"model": "menu.product", "pk": "258230f5-2210-49fd-ad94-d7a77144d0ae", "fields": {"created_at": "2026-03-25T22:29:12.066Z", "updated_at": "2026-03-25T22:29:12.066Z", "created_by": null, "updated_by": null, "is_active": true, "deleted_at": null, "category": "e46fed39-5373-4923-b1fd-58af2e3f7701", "outlet": null, "name": "Pineapple", "description": null, "base_price": "160.00", "tax_rate": "5.00", "hsn_code": null, "is_veg": true, "is_available": true, "image_url": null, "display_order": 45, "prep_time_minutes": 5, "allergen_tags": "[]", "is_packaged_good": false}}, {"model": "menu.product", "pk": "26f6c794-601e-459f-b271-dfa0a6659295", "fields": {"created_at": "2026-03-25T22:29:11.972Z", "updated_at": "2026-03-25T22:29:11.972Z", "created_by": null, "updated_by": null, "is_active": true, "deleted_at": null, "category": "c5f1aecf-6ddd-47f3-8061-89d832dff254", "outlet": null, "name": "Choco Brownie", "description": null, "base_price": "50.00", "tax_rate": "5.00", "hsn_code": null, "is_veg": true, "is_available": true, "image_url": null, "display_order": 24, "prep_time_minutes": 5, "allergen_tags": "[]", "is_packaged_good": false}}, {"model": "menu.product", "pk": "2889d5ac-6b57-4f46-aca1-83adb8063e21", "fields": {"created_at": "2026-03-25T22:29:12.111Z", "updated_at": "2026-03-25T22:29:12.111Z", "created_by": null, "updated_by": null, "is_active": true, "deleted_at": null, "category": "c8bda2c1-13ae-4378-ae2f-70e2cd238e70", "outlet": null, "name": "Raspberry Dolly", "description": null, "base_price": "20.00", "tax_rate": "5.00", "hsn_code": null, "is_veg": true, "is_available": true, "image_url": null, "display_order": 77, "prep_time_minutes": 5, "allergen_tags": "[]", "is_packaged_good": false}}, {"model": "menu.product", "pk": "2b4a15bc-4fda-474c-a911-8d5b2979a211", "fields": {"created_at": "2026-03-25T22:29:12.073Z", "updated_at": "2026-03-25T22:29:12.073Z", "created_by": null, "updated_by": null, "is_active": true, "deleted_at": null, "category": "e46fed39-5373-4923-b1fd-58af2e3f7701", "outlet": null, "name": "Choco Kaju", "description": null, "base_price": "170.00", "tax_rate": "5.00", "hsn_code": null, "is_veg": true, "is_available": true, "image_url": null, "display_order": 50, "prep_time_minutes": 5, "allergen_tags": "[]", "is_packaged_good": false}}, {"model": "menu.product", "pk": "2bfed1af-893e-4bcf-a2d2-747a8cd021ef", "fields": {"created_at": "2026-03-25T22:29:12.103Z", "updated_at": "2026-03-25T22:29:12.103Z", "created_by": null, "updated_by": null, "is_active": true, "deleted_at": null, "category": "db4b4fed-08b2-4f85-9439-16e5df7b0685", "outlet": null, "name": "Chocolate Disk", "description": null, "base_price": "60.00", "tax_rate": "5.00", "hsn_code": null, "is_veg": true, "is_available": true, "image_url": null, "display_order": 71, "prep_time_minutes": 5, "allergen_tags": "[]", "is_packaged_good": false}}, {"model": "menu.product", "pk": "2cf86bc3-2d40-4946-9f1a-6d4b1cf873ff", "fields": {"created_at": "2026-03-25T22:29:12.081Z", "updated_at": "2026-03-25T22:29:12.081Z", "created_by": null, "updated_by": null, "is_active": true, "deleted_at": null, "category": "e46fed39-5373-4923-b1fd-58af2e3f7701", "outlet": null, "name": "Choco Brownie", "description": null, "base_price": "180.00", "tax_rate": "5.00", "hsn_code": null, "is_veg": true, "is_available": true, "image_url": null, "display_order": 56, "prep_time_minutes": 5, "allergen_tags": "[]", "is_packaged_good": false}}, {"model": "menu.product", "pk": "30194966-2726-4cf8-84ba-ac282ed4047d", "fields": {"created_at": "2026-03-25T22:29:12.093Z", "updated_at": "2026-03-25T22:29:12.093Z", "created_by": null, "updated_by": null, "is_active": true, "deleted_at": null, "category": "db4b4fed-08b2-4f85-9439-16e5df7b0685", "outlet": null, "name": "Butter Scotch", "description": null, "base_price": "30.00", "tax_rate": "5.00", "hsn_code": null, "is_veg": true, "is_available": true, "image_url": null, "display_order": 64, "prep_time_minutes": 5, "allergen_tags": "[]", "is_packaged_good": false}}, {"model": "menu.product", "pk": "30ce7bb1-b625-48e2-a6fc-d11fb74ea716", "fields": {"created_at": "2026-03-25T22:29:12.077Z", "updated_at": "2026-03-25T22:29:12.077Z", "created_by": null, "updated_by": null, "is_active": true, "deleted_at": null, "category": "e46fed39-5373-4923-b1fd-58af2e3f7701", "outlet": null, "name": "Rose Petals", "description": null, "base_price": "170.00", "tax_rate": "5.00", "hsn_code": null, "is_veg": true, "is_available": true, "image_url": null, "display_order": 53, "prep_time_minutes": 5, "allergen_tags": "[]", "is_packaged_good": false}}, {"model": "menu.product", "pk": "3265c8fc-2fe1-4351-a48c-f358c5660957", "fields": {"created_at": "2026-03-25T22:29:12.107Z", "updated_at": "2026-03-25T22:29:12.107Z", "created_by": null, "updated_by": null, "is_active": true, "deleted_at": null, "category": "9824a62e-b803-4156-b58b-6e13c201ed7e", "outlet": null, "name": "Atul Special", "description": null, "base_price": "160.00", "tax_rate": "5.00", "hsn_code": null, "is_veg": true, "is_available": true, "image_url": null, "display_order": 74, "prep_time_minutes": 5, "allergen_tags": "[]", "is_packaged_good": false}}, {"model": "menu.product", "pk": "33051ce0-a74c-4030-9af9-6b514a5350e8", "fields": {"created_at": "2026-03-25T22:29:12.084Z", "updated_at": "2026-03-25T22:29:12.084Z", "created_by": null, "updated_by": null, "is_active": true, "deleted_at": null, "category": "e46fed39-5373-4923-b1fd-58af2e3f7701", "outlet": null, "name": "Chunky Munky", "description": null, "base_price": "200.00", "tax_rate": "5.00", "hsn_code": null, "is_veg": true, "is_available": true, "image_url": null, "display_order": 58, "prep_time_minutes": 5, "allergen_tags": "[]", "is_packaged_good": false}}, {"model": "menu.product", "pk": "354dced0-f98c-4bcf-8049-04b27e737d4a", "fields": {"created_at": "2026-03-25T22:29:12.069Z", "updated_at": "2026-03-25T22:29:12.069Z", "created_by": null, "updated_by": null, "is_active": true, "deleted_at": null, "category": "e46fed39-5373-4923-b1fd-58af2e3f7701", "outlet": null, "name": "Sitafal (Seasonal)", "description": null, "base_price": "170.00", "tax_rate": "5.00", "hsn_code": null, "is_veg": true, "is_available": true, "image_url": null, "display_order": 47, "prep_time_minutes": 5, "allergen_tags": "[]", "is_packaged_good": false}}, {"model": "menu.product", "pk": "35714131-e74f-43d6-ab21-11862e149028", "fields": {"created_at": "2026-03-25T22:29:11.887Z", "updated_at": "2026-03-25T22:29:11.887Z", "created_by": null, "updated_by": null, "is_active": true, "deleted_at": null, "category": "c5f1aecf-6ddd-47f3-8061-89d832dff254", "outlet": null, "name": "Anjir Kaju", "description": null, "base_price": "50.00", "tax_rate": "5.00", "hsn_code": null, "is_veg": true, "is_available": true, "image_url": null, "display_order": 10, "prep_time_minutes": 5, "allergen_tags": "[]", "is_packaged_good": false}}, {"model": "menu.product", "pk": "38c25524-0dba-4fb2-8b17-58b69f2f1d6c", "fields": {"created_at": "2026-03-25T22:29:12.076Z", "updated_at": "2026-03-25T22:29:12.076Z", "created_by": null, "updated_by": null, "is_active": true, "deleted_at": null, "category": "e46fed39-5373-4923-b1fd-58af2e3f7701", "outlet": null, "name": "Mava Badam", "description": null, "base_price": "170.00", "tax_rate": "5.00", "hsn_code": null, "is_veg": true, "is_available": true, "image_url": null, "display_order": 52, "prep_time_minutes": 5, "allergen_tags": "[]", "is_packaged_good": false}}, {"model": "menu.product", "pk": "3bafbf60-722d-4f42-9bfe-0a935a22d766", "fields": {"created_at": "2026-03-25T22:29:12.064Z", "updated_at": "2026-03-25T22:29:12.064Z", "created_by": null, "updated_by": null, "is_active": true, "deleted_at": null, "category": "e46fed39-5373-4923-b1fd-58af2e3f7701", "outlet": null, "name": "Kit Kat", "description": null, "base_price": "160.00", "tax_rate": "5.00", "hsn_code": null, "is_veg": true, "is_available": true, "image_url": null, "display_order": 44, "prep_time_minutes": 5, "allergen_tags": "[]", "is_packaged_good": false}}, {"model": "menu.product", "pk": "437e0149-196e-400a-bd37-de57929d6ccd", "fields": {"created_at": "2026-03-25T22:29:12.079Z", "updated_at": "2026-03-25T22:29:12.079Z", "created_by": null, "updated_by": null, "is_active": true, "deleted_at": null, "category": "e46fed39-5373-4923-b1fd-58af2e3f7701", "outlet": null, "name": "Hani Kim (Sugar Free)", "description": null, "base_price": "170.00", "tax_rate": "5.00", "hsn_code": null, "is_veg": true, "is_available": true, "image_url": null, "display_order": 54, "prep_time_minutes": 5, "allergen_tags": "[]", "is_packaged_good": false}}, {"model": "menu.product", "pk": "447382b8-d405-4c46-baed-721a2c1e9a24", "fields": {"created_at": "2026-03-25T22:29:12.115Z", "updated_at": "2026-03-25T22:29:12.115Z", "created_by": null, "updated_by": null, "is_active": true, "deleted_at": null, "category": "c8bda2c1-13ae-4378-ae2f-70e2cd238e70", "outlet": null, "name": "Mava Badam", "description": null, "base_price": "35.00", "tax_rate": "5.00", "hsn_code": null, "is_veg": true, "is_available": true, "image_url": null, "display_order": 80, "prep_time_minutes": 5, "allergen_tags": "[]", "is_packaged_good": false}}, {"model": "menu.product", "pk": "44bcc606-303d-4920-bcca-d94744fb3d4c", "fields": {"created_at": "2026-03-25T22:29:12.123Z", "updated_at": "2026-03-25T22:29:12.123Z", "created_by": null, "updated_by": null, "is_active": true, "deleted_at": null, "category": "c8bda2c1-13ae-4378-ae2f-70e2cd238e70", "outlet": null, "name": "Choco Crunch", "description": null, "base_price": "50.00", "tax_rate": "5.00", "hsn_code": null, "is_veg": true, "is_available": true, "image_url": null, "display_order": 86, "prep_time_minutes": 5, "allergen_tags": "[]", "is_packaged_good": false}}, {"model": "menu.product", "pk": "53051d79-d673-4f9a-a788-b344364af37e", "fields": {"created_at": "2026-03-25T22:29:12.114Z", "updated_at": "2026-03-27T17:16:28.805Z", "created_by": null, "updated_by": null, "is_active": true, "deleted_at": null, "category": "c8bda2c1-13ae-4378-ae2f-70e2cd238e70", "outlet": null, "name": "Gulkand", "description": null, "base_price": "30.00", "tax_rate": "5.00", "hsn_code": null, "is_veg": true, "is_available": true, "image_url": null, "display_order": 79, "prep_time_minutes": 5, "allergen_tags": "[]", "is_packaged_good": false}}, {"model": "menu.product", "pk": "548f1549-2157-4e50-9565-ef03ecb0d8d2", "fields": {"created_at": "2026-03-25T22:29:12.017Z", "updated_at": "2026-03-25T22:29:12.017Z", "created_by": null, "updated_by": null, "is_active": true, "deleted_at": null, "category": "c5f1aecf-6ddd-47f3-8061-89d832dff254", "outlet": null, "name": "Natural Black Jamun (Seasonal)", "description": null, "base_price": "60.00", "tax_rate": "5.00", "hsn_code": null, "is_veg": true, "is_available": true, "image_url": null, "display_order": 31, "prep_time_minutes": 5, "allergen_tags": "[]", "is_packaged_good": false}}, {"model": "menu.product", "pk": "56bdb394-1c2b-4af3-beae-f2754424e64c", "fields": {"created_at": "2026-03-25T22:29:11.943Z", "updated_at": "2026-03-25T22:29:11.943Z", "created_by": null, "updated_by": null, "is_active": true, "deleted_at": null, "category": "c5f1aecf-6ddd-47f3-8061-89d832dff254", "outlet": null, "name": "Panchratna", "description": null, "base_price": "50.00", "tax_rate": "5.00", "hsn_code": null, "is_veg": true, "is_available": true, "image_url": null, "display_order": 19, "prep_time_minutes": 5, "allergen_tags": "[]", "is_packaged_good": false}}, {"model": "menu.product", "pk": "5b9abd5b-5010-458b-b1af-2c7fb19328ce", "fields": {"created_at": "2026-03-25T22:29:12.004Z", "updated_at": "2026-03-25T22:29:12.004Z", "created_by": null, "updated_by": null, "is_active": true, "deleted_at": null, "category": "c5f1aecf-6ddd-47f3-8061-89d832dff254", "outlet": null, "name": "Natural Mango (Seasonal)", "description": null, "base_price": "60.00", "tax_rate": "5.00", "hsn_code": null, "is_veg": true, "is_available": true, "image_url": null, "display_order": 29, "prep_time_minutes": 5, "allergen_tags": "[]", "is_packaged_good": false}}, {"model": "menu.product", "pk": "5e190ba3-107a-4c7e-bd75-c6ae12344c06", "fields": {"created_at": "2026-03-25T22:29:12.092Z", "updated_at": "2026-03-25T22:29:12.092Z", "created_by": null, "updated_by": null, "is_active": true, "deleted_at": null, "category": "e46fed39-5373-4923-b1fd-58af2e3f7701", "outlet": null, "name": "Saffron Gold", "description": null, "base_price": "250.00", "tax_rate": "5.00", "hsn_code": null, "is_veg": true, "is_available": true, "image_url": null, "display_order": 63, "prep_time_minutes": 5, "allergen_tags": "[]", "is_packaged_good": false}}, {"model": "menu.product", "pk": "5fc0f08a-7fa5-482f-8c82-3429ec5a2988", "fields": {"created_at": "2026-03-25T22:29:12.121Z", "updated_at": "2026-03-25T22:29:12.121Z", "created_by": null, "updated_by": null, "is_active": true, "deleted_at": null, "category": "c8bda2c1-13ae-4378-ae2f-70e2cd238e70", "outlet": null, "name": "Cookies & Cream", "description": null, "base_price": "50.00", "tax_rate": "5.00", "hsn_code": null, "is_veg": true, "is_available": true, "image_url": null, "display_order": 84, "prep_time_minutes": 5, "allergen_tags": "[]", "is_packaged_good": false}}, {"model": "menu.product", "pk": "601c0da9-8210-4c5f-88cf-eaeb6028f2ae", "fields": {"created_at": "2026-03-25T22:29:11.860Z", "updated_at": "2026-03-25T22:29:11.860Z", "created_by": null, "updated_by": null, "is_active": true, "deleted_at": null, "category": "c5f1aecf-6ddd-47f3-8061-89d832dff254", "outlet": null, "name": "Kaju Draksh", "description": null, "base_price": "50.00", "tax_rate": "5.00", "hsn_code": null, "is_veg": true, "is_available": true, "image_url": null, "display_order": 6, "prep_time_minutes": 5, "allergen_tags": "[]", "is_packaged_good": false}}, {"model": "menu.product", "pk": "61957091-3bb0-4442-8a64-99157c012c00", "fields": {"created_at": "2026-03-25T22:29:11.967Z", "updated_at": "2026-03-25T22:29:11.967Z", "created_by": null, "updated_by": null, "is_active": true, "deleted_at": null, "category": "c5f1aecf-6ddd-47f3-8061-89d832dff254", "outlet": null, "name": "Red Velvet", "description": null, "base_price": "50.00", "tax_rate": "5.00", "hsn_code": null, "is_veg": true, "is_available": true, "image_url": null, "display_order": 23, "prep_time_minutes": 5, "allergen_tags": "[]", "is_packaged_good": false}}, {"model": "menu.product", "pk": "6cdf6473-f856-42cb-a273-c2800ecba27b", "fields": {"created_at": "2026-03-25T22:29:11.998Z", "updated_at": "2026-03-25T22:29:11.998Z", "created_by": null, "updated_by": null, "is_active": true, "deleted_at": null, "category": "c5f1aecf-6ddd-47f3-8061-89d832dff254", "outlet": null, "name": "Choco Chips", "description": null, "base_price": "55.00", "tax_rate": "5.00", "hsn_code": null, "is_veg": true, "is_available": true, "image_url": null, "display_order": 28, "prep_time_minutes": 5, "allergen_tags": "[]", "is_packaged_good": false}}, {"model": "menu.product", "pk": "72772385-a378-419a-aa5e-f2512cd4051d", "fields": {"created_at": "2026-03-25T22:29:12.100Z", "updated_at": "2026-03-25T22:29:12.100Z", "created_by": null, "updated_by": null, "is_active": true, "deleted_at": null, "category": "db4b4fed-08b2-4f85-9439-16e5df7b0685", "outlet": null, "name": "Oreo", "description": null, "base_price": "50.00", "tax_rate": "5.00", "hsn_code": null, "is_veg": true, "is_available": true, "image_url": null, "display_order": 69, "prep_time_minutes": 5, "allergen_tags": "[]", "is_packaged_good": false}}, {"model": "menu.product", "pk": "7319e04d-b3a9-4df0-a10a-d007fa932aac", "fields": {"created_at": "2026-03-25T22:29:12.110Z", "updated_at": "2026-03-25T22:29:12.110Z", "created_by": null, "updated_by": null, "is_active": true, "deleted_at": null, "category": "c8bda2c1-13ae-4378-ae2f-70e2cd238e70", "outlet": null, "name": "Mango Dolly", "description": null, "base_price": "20.00", "tax_rate": "5.00", "hsn_code": null, "is_veg": true, "is_available": true, "image_url": null, "display_order": 76, "prep_time_minutes": 5, "allergen_tags": "[]", "is_packaged_good": false}}, {"model": "menu.product", "pk": "740cac23-4f97-4475-8c1b-e8f5ad57c42f", "fields": {"created_at": "2026-03-25T22:29:12.042Z", "updated_at": "2026-03-25T22:29:12.042Z", "created_by": null, "updated_by": null, "is_active": true, "deleted_at": null, "category": "c5f1aecf-6ddd-47f3-8061-89d832dff254", "outlet": null, "name": "Nutella Brownie", "description": null, "base_price": "70.00", "tax_rate": "5.00", "hsn_code": null, "is_veg": true, "is_available": true, "image_url": null, "display_order": 35, "prep_time_minutes": 5, "allergen_tags": "[]", "is_packaged_good": false}}, {"model": "menu.product", "pk": "7acd5cee-6c34-4de1-937c-52fd986dbc14", "fields": {"created_at": "2026-03-25T22:29:12.086Z", "updated_at": "2026-03-25T22:29:12.086Z", "created_by": null, "updated_by": null, "is_active": true, "deleted_at": null, "category": "e46fed39-5373-4923-b1fd-58af2e3f7701", "outlet": null, "name": "Navratna", "description": null, "base_price": "200.00", "tax_rate": "5.00", "hsn_code": null, "is_veg": true, "is_available": true, "image_url": null, "display_order": 59, "prep_time_minutes": 5, "allergen_tags": "[]", "is_packaged_good": false}}, {"model": "menu.product", "pk": "7cd34f45-6c82-4fa9-b106-5f86a058e10e", "fields": {"created_at": "2026-03-25T22:29:12.048Z", "updated_at": "2026-03-25T22:29:12.048Z", "created_by": null, "updated_by": null, "is_active": true, "deleted_at": null, "category": "c5f1aecf-6ddd-47f3-8061-89d832dff254", "outlet": null, "name": "Saffron Gold", "description": null, "base_price": "80.00", "tax_rate": "5.00", "hsn_code": null, "is_veg": true, "is_available": true, "image_url": null, "display_order": 36, "prep_time_minutes": 5, "allergen_tags": "[]", "is_packaged_good": false}}, {"model": "menu.product", "pk": "7f3de511-c500-4122-9012-e4c1d335049b", "fields": {"created_at": "2026-03-25T22:29:12.071Z", "updated_at": "2026-03-25T22:29:12.071Z", "created_by": null, "updated_by": null, "is_active": true, "deleted_at": null, "category": "e46fed39-5373-4923-b1fd-58af2e3f7701", "outlet": null, "name": "Choco Almond", "description": null, "base_price": "170.00", "tax_rate": "5.00", "hsn_code": null, "is_veg": true, "is_available": true, "image_url": null, "display_order": 49, "prep_time_minutes": 5, "allergen_tags": "[]", "is_packaged_good": false}}, {"model": "menu.product", "pk": "8196576c-8737-482e-b2e0-f6da63ea0059", "fields": {"created_at": "2026-03-25T22:29:12.063Z", "updated_at": "2026-03-25T22:29:12.063Z", "created_by": null, "updated_by": null, "is_active": true, "deleted_at": null, "category": "e46fed39-5373-4923-b1fd-58af2e3f7701", "outlet": null, "name": "Oreo Cookies", "description": null, "base_price": "160.00", "tax_rate": "5.00", "hsn_code": null, "is_veg": true, "is_available": true, "image_url": null, "display_order": 43, "prep_time_minutes": 5, "allergen_tags": "[]", "is_packaged_good": false}}, {"model": "menu.product", "pk": "81f24f78-16ce-438f-8191-f867b34407cd", "fields": {"created_at": "2026-03-25T22:29:12.125Z", "updated_at": "2026-03-25T22:29:12.125Z", "created_by": null, "updated_by": null, "is_active": true, "deleted_at": null, "category": "c8bda2c1-13ae-4378-ae2f-70e2cd238e70", "outlet": null, "name": "Jamun", "description": null, "base_price": "60.00", "tax_rate": "5.00", "hsn_code": null, "is_veg": true, "is_available": true, "image_url": null, "display_order": 87, "prep_time_minutes": 5, "allergen_tags": "[]", "is_packaged_good": false}}, {"model": "menu.product", "pk": "832aeec9-d756-487c-914b-8b5ad937c786", "fields": {"created_at": "2026-03-25T22:29:12.053Z", "updated_at": "2026-03-25T22:29:12.053Z", "created_by": null, "updated_by": null, "is_active": true, "deleted_at": null, "category": "e46fed39-5373-4923-b1fd-58af2e3f7701", "outlet": null, "name": "Vanila", "description": null, "base_price": "150.00", "tax_rate": "5.00", "hsn_code": null, "is_veg": true, "is_available": true, "image_url": null, "display_order": 37, "prep_time_minutes": 5, "allergen_tags": "[]", "is_packaged_good": false}}, {"model": "menu.product", "pk": "85b66f4c-7a03-4afc-b7ad-ecdf28da9343", "fields": {"created_at": "2026-03-25T22:29:11.984Z", "updated_at": "2026-03-25T22:29:11.984Z", "created_by": null, "updated_by": null, "is_active": true, "deleted_at": null, "category": "c5f1aecf-6ddd-47f3-8061-89d832dff254", "outlet": null, "name": "Traffic Jam", "description": null, "base_price": "55.00", "tax_rate": "5.00", "hsn_code": null, "is_veg": true, "is_available": true, "image_url": null, "display_order": 26, "prep_time_minutes": 5, "allergen_tags": "[]", "is_packaged_good": false}}, {"model": "menu.product", "pk": "85f2622d-0c3b-4cdc-aa91-f37f0ff515a2", "fields": {"created_at": "2026-03-25T22:29:12.080Z", "updated_at": "2026-03-25T22:29:12.080Z", "created_by": null, "updated_by": null, "is_active": true, "deleted_at": null, "category": "e46fed39-5373-4923-b1fd-58af2e3f7701", "outlet": null, "name": "Kesar Pista", "description": null, "base_price": "180.00", "tax_rate": "5.00", "hsn_code": null, "is_veg": true, "is_available": true, "image_url": null, "display_order": 55, "prep_time_minutes": 5, "allergen_tags": "[]", "is_packaged_good": false}}, {"model": "menu.product", "pk": "87c0b8f0-63bb-47d5-be84-dd61a1b63fa0", "fields": {"created_at": "2026-03-25T22:29:11.961Z", "updated_at": "2026-03-25T22:29:11.961Z", "created_by": null, "updated_by": null, "is_active": true, "deleted_at": null, "category": "c5f1aecf-6ddd-47f3-8061-89d832dff254", "outlet": null, "name": "Pan Masala", "description": null, "base_price": "50.00", "tax_rate": "5.00", "hsn_code": null, "is_veg": true, "is_available": true, "image_url": null, "display_order": 22, "prep_time_minutes": 5, "allergen_tags": "[]", "is_packaged_good": false}}, {"model": "menu.product", "pk": "87f50608-876c-4f63-aecc-9ecc71289bd3", "fields": {"created_at": "2026-03-25T22:29:12.029Z", "updated_at": "2026-03-25T22:29:12.029Z", "created_by": null, "updated_by": null, "is_active": true, "deleted_at": null, "category": "c5f1aecf-6ddd-47f3-8061-89d832dff254", "outlet": null, "name": "Navratna", "description": null, "base_price": "60.00", "tax_rate": "5.00", "hsn_code": null, "is_veg": true, "is_available": true, "image_url": null, "display_order": 33, "prep_time_minutes": 5, "allergen_tags": "[]", "is_packaged_good": false}}, {"model": "menu.product", "pk": "8af09652-4ff5-4f40-b7a9-7615fca18e26", "fields": {"created_at": "2026-03-25T22:29:12.090Z", "updated_at": "2026-03-25T22:29:12.090Z", "created_by": null, "updated_by": null, "is_active": true, "deleted_at": null, "category": "e46fed39-5373-4923-b1fd-58af2e3f7701", "outlet": null, "name": "Mix Dry Fruit", "description": null, "base_price": "220.00", "tax_rate": "5.00", "hsn_code": null, "is_veg": true, "is_available": true, "image_url": null, "display_order": 62, "prep_time_minutes": 5, "allergen_tags": "[]", "is_packaged_good": false}}, {"model": "menu.product", "pk": "8b2d8681-c25b-4425-8839-1bd5b7ba4132", "fields": {"created_at": "2026-03-25T22:29:11.867Z", "updated_at": "2026-03-25T22:29:11.867Z", "created_by": null, "updated_by": null, "is_active": true, "deleted_at": null, "category": "c5f1aecf-6ddd-47f3-8061-89d832dff254", "outlet": null, "name": "Badam Pista", "description": null, "base_price": "50.00", "tax_rate": "5.00", "hsn_code": null, "is_veg": true, "is_available": true, "image_url": null, "display_order": 7, "prep_time_minutes": 5, "allergen_tags": "[]", "is_packaged_good": false}}, {"model": "menu.product", "pk": "8b7e06d3-44d2-47b2-91a0-2905cf8f10a5", "fields": {"created_at": "2026-03-25T22:29:12.099Z", "updated_at": "2026-03-25T22:29:12.099Z", "created_by": null, "updated_by": null, "is_active": true, "deleted_at": null, "category": "db4b4fed-08b2-4f85-9439-16e5df7b0685", "outlet": null, "name": "Chocolate Belgium", "description": null, "base_price": "50.00", "tax_rate": "5.00", "hsn_code": null, "is_veg": true, "is_available": true, "image_url": null, "display_order": 68, "prep_time_minutes": 5, "allergen_tags": "[]", "is_packaged_good": false}}, {"model": "menu.product", "pk": "8b878d3e-2c3a-4d8b-af8b-090c605e0eaa", "fields": {"created_at": "2026-03-25T22:29:11.848Z", "updated_at": "2026-03-25T22:29:11.848Z", "created_by": null, "updated_by": null, "is_active": true, "deleted_at": null, "category": "c5f1aecf-6ddd-47f3-8061-89d832dff254", "outlet": null, "name": "Khajur Kaju", "description": null, "base_price": "50.00", "tax_rate": "5.00", "hsn_code": null, "is_veg": true, "is_available": true, "image_url": null, "display_order": 4, "prep_time_minutes": 5, "allergen_tags": "[]", "is_packaged_good": false}}, {"model": "menu.product", "pk": "8cc324ed-cca5-405a-b910-c7b6c2787767", "fields": {"created_at": "2026-03-25T22:29:12.059Z", "updated_at": "2026-03-25T22:29:12.059Z", "created_by": null, "updated_by": null, "is_active": true, "deleted_at": null, "category": "e46fed39-5373-4923-b1fd-58af2e3f7701", "outlet": null, "name": "Cadbury Dairy Milk", "description": null, "base_price": "160.00", "tax_rate": "5.00", "hsn_code": null, "is_veg": true, "is_available": true, "image_url": null, "display_order": 41, "prep_time_minutes": 5, "allergen_tags": "[]", "is_packaged_good": false}}, {"model": "menu.product", "pk": "8ce7c70b-7a5b-4daa-882e-21596d4a3dff", "fields": {"created_at": "2026-03-25T22:29:12.118Z", "updated_at": "2026-03-25T22:29:12.118Z", "created_by": null, "updated_by": null, "is_active": true, "deleted_at": null, "category": "c8bda2c1-13ae-4378-ae2f-70e2cd238e70", "outlet": null, "name": "Fantastic", "description": null, "base_price": "40.00", "tax_rate": "5.00", "hsn_code": null, "is_veg": true, "is_available": true, "image_url": null, "display_order": 82, "prep_time_minutes": 5, "allergen_tags": "[]", "is_packaged_good": false}}, {"model": "menu.product", "pk": "8d6c9284-fdbc-40e6-8f4f-139ecca09474", "fields": {"created_at": "2026-03-25T22:29:12.089Z", "updated_at": "2026-03-25T22:29:12.089Z", "created_by": null, "updated_by": null, "is_active": true, "deleted_at": null, "category": "e46fed39-5373-4923-b1fd-58af2e3f7701", "outlet": null, "name": "Afghan Dry Fruit", "description": null, "base_price": "220.00", "tax_rate": "5.00", "hsn_code": null, "is_veg": true, "is_available": true, "image_url": null, "display_order": 61, "prep_time_minutes": 5, "allergen_tags": "[]", "is_packaged_good": false}}, {"model": "menu.product", "pk": "8da630bd-c2e3-4d23-8b3d-9a1f80ed83cc", "fields": {"created_at": "2026-03-25T22:29:12.119Z", "updated_at": "2026-03-25T22:29:12.119Z", "created_by": null, "updated_by": null, "is_active": true, "deleted_at": null, "category": "c8bda2c1-13ae-4378-ae2f-70e2cd238e70", "outlet": null, "name": "Red Velve", "description": null, "base_price": "50.00", "tax_rate": "5.00", "hsn_code": null, "is_veg": true, "is_available": true, "image_url": null, "display_order": 83, "prep_time_minutes": 5, "allergen_tags": "[]", "is_packaged_good": false}}, {"model": "menu.product", "pk": "8e48d376-6689-426e-ae36-c729b3783f36", "fields": {"created_at": "2026-03-25T22:29:12.108Z", "updated_at": "2026-03-25T22:29:12.108Z", "created_by": null, "updated_by": null, "is_active": true, "deleted_at": null, "category": "c8bda2c1-13ae-4378-ae2f-70e2cd238e70", "outlet": null, "name": "Chocobar", "description": null, "base_price": "20.00", "tax_rate": "5.00", "hsn_code": null, "is_veg": true, "is_available": true, "image_url": null, "display_order": 75, "prep_time_minutes": 5, "allergen_tags": "[]", "is_packaged_good": false}}, {"model": "menu.product", "pk": "906021db-63e9-4d0e-bd84-83ebb0872e0e", "fields": {"created_at": "2026-03-25T22:29:12.062Z", "updated_at": "2026-03-25T22:29:12.062Z", "created_by": null, "updated_by": null, "is_active": true, "deleted_at": null, "category": "e46fed39-5373-4923-b1fd-58af2e3f7701", "outlet": null, "name": "Choco Pie", "description": null, "base_price": "160.00", "tax_rate": "5.00", "hsn_code": null, "is_veg": true, "is_available": true, "image_url": null, "display_order": 42, "prep_time_minutes": 5, "allergen_tags": "[]", "is_packaged_good": false}}, {"model": "menu.product", "pk": "9a0ab9a9-76c0-4bac-9c60-e31340bf05ef", "fields": {"created_at": "2026-03-25T22:29:12.096Z", "updated_at": "2026-03-25T22:29:12.096Z", "created_by": null, "updated_by": null, "is_active": true, "deleted_at": null, "category": "db4b4fed-08b2-4f85-9439-16e5df7b0685", "outlet": null, "name": "Choco Brownie", "description": null, "base_price": "40.00", "tax_rate": "5.00", "hsn_code": null, "is_veg": true, "is_available": true, "image_url": null, "display_order": 66, "prep_time_minutes": 5, "allergen_tags": "[]", "is_packaged_good": false}}, {"model": "menu.product", "pk": "9a3ea35f-367f-4feb-b4a3-d9ca77702d98", "fields": {"created_at": "2026-03-25T22:29:11.991Z", "updated_at": "2026-03-25T22:29:11.991Z", "created_by": null, "updated_by": null, "is_active": true, "deleted_at": null, "category": "c5f1aecf-6ddd-47f3-8061-89d832dff254", "outlet": null, "name": "Afghani Mava", "description": null, "base_price": "55.00", "tax_rate": "5.00", "hsn_code": null, "is_veg": true, "is_available": true, "image_url": null, "display_order": 27, "prep_time_minutes": 5, "allergen_tags": "[]", "is_packaged_good": false}}, {"model": "menu.product", "pk": "9abd564d-297d-45cd-8b98-1bbb55fa93ef", "fields": {"created_at": "2026-03-25T22:29:11.937Z", "updated_at": "2026-03-25T22:29:11.937Z", "created_by": null, "updated_by": null, "is_active": true, "deleted_at": null, "category": "c5f1aecf-6ddd-47f3-8061-89d832dff254", "outlet": null, "name": "Rajasthani Special", "description": null, "base_price": "50.00", "tax_rate": "5.00", "hsn_code": null, "is_veg": true, "is_available": true, "image_url": null, "display_order": 18, "prep_time_minutes": 5, "allergen_tags": "[]", "is_packaged_good": false}}, {"model": "menu.product", "pk": "a1efd108-e69c-4898-84f9-ed46c588b06a", "fields": {"created_at": "2026-03-25T22:29:12.112Z", "updated_at": "2026-03-25T22:29:12.112Z", "created_by": null, "updated_by": null, "is_active": true, "deleted_at": null, "category": "c8bda2c1-13ae-4378-ae2f-70e2cd238e70", "outlet": null, "name": "Mava Malai", "description": null, "base_price": "30.00", "tax_rate": "5.00", "hsn_code": null, "is_veg": true, "is_available": true, "image_url": null, "display_order": 78, "prep_time_minutes": 5, "allergen_tags": "[]", "is_packaged_good": false}}, {"model": "menu.product", "pk": "a7b58c1b-b8bb-4910-88b4-fc5e247176c3", "fields": {"created_at": "2026-03-25T22:29:12.023Z", "updated_at": "2026-03-25T22:29:12.023Z", "created_by": null, "updated_by": null, "is_active": true, "deleted_at": null, "category": "c5f1aecf-6ddd-47f3-8061-89d832dff254", "outlet": null, "name": "Chunky Munky", "description": null, "base_price": "60.00", "tax_rate": "5.00", "hsn_code": null, "is_veg": true, "is_available": true, "image_url": null, "display_order": 32, "prep_time_minutes": 5, "allergen_tags": "[]", "is_packaged_good": false}}, {"model": "menu.product", "pk": "a852dfa5-346c-4046-b137-6895e5756af9", "fields": {"created_at": "2026-03-25T22:29:12.116Z", "updated_at": "2026-03-25T22:29:12.116Z", "created_by": null, "updated_by": null, "is_active": true, "deleted_at": null, "category": "c8bda2c1-13ae-4378-ae2f-70e2cd238e70", "outlet": null, "name": "Panjabi", "description": null, "base_price": "35.00", "tax_rate": "5.00", "hsn_code": null, "is_veg": true, "is_available": true, "image_url": null, "display_order": 81, "prep_time_minutes": 5, "allergen_tags": "[]", "is_packaged_good": false}}, {"model": "menu.product", "pk": "a9845a3d-f9f4-42fa-8fd2-1f3db332fb0c", "fields": {"created_at": "2026-03-25T22:29:12.102Z", "updated_at": "2026-03-25T22:29:12.102Z", "created_by": null, "updated_by": null, "is_active": true, "deleted_at": null, "category": "db4b4fed-08b2-4f85-9439-16e5df7b0685", "outlet": null, "name": "American Nuts", "description": null, "base_price": "50.00", "tax_rate": "5.00", "hsn_code": null, "is_veg": true, "is_available": true, "image_url": null, "display_order": 70, "prep_time_minutes": 5, "allergen_tags": "[]", "is_packaged_good": false}}, {"model": "menu.product", "pk": "ad648288-5db1-4ea3-abf7-ba05468b11e0", "fields": {"created_at": "2026-03-25T22:29:12.106Z", "updated_at": "2026-03-25T22:29:12.106Z", "created_by": null, "updated_by": null, "is_active": true, "deleted_at": null, "category": "90e2faf6-4ace-4470-87c2-0924e41a8d03", "outlet": null, "name": "Cassata", "description": null, "base_price": "60.00", "tax_rate": "5.00", "hsn_code": null, "is_veg": true, "is_available": true, "image_url": null, "display_order": 73, "prep_time_minutes": 5, "allergen_tags": "[]", "is_packaged_good": false}}, {"model": "menu.product", "pk": "af112e08-6dc7-44d2-8226-f9eb89b9e39d", "fields": {"created_at": "2026-03-25T22:29:12.070Z", "updated_at": "2026-03-25T22:29:12.070Z", "created_by": null, "updated_by": null, "is_active": true, "deleted_at": null, "category": "e46fed39-5373-4923-b1fd-58af2e3f7701", "outlet": null, "name": "Anjir Kaju", "description": null, "base_price": "170.00", "tax_rate": "5.00", "hsn_code": null, "is_veg": true, "is_available": true, "image_url": null, "display_order": 48, "prep_time_minutes": 5, "allergen_tags": "[]", "is_packaged_good": false}}, {"model": "menu.product", "pk": "b15a69f4-1082-45a4-9dda-d945b71b68e0", "fields": {"created_at": "2026-03-25T22:29:12.122Z", "updated_at": "2026-03-25T22:29:12.122Z", "created_by": null, "updated_by": null, "is_active": true, "deleted_at": null, "category": "c8bda2c1-13ae-4378-ae2f-70e2cd238e70", "outlet": null, "name": "Mango Bite", "description": null, "base_price": "50.00", "tax_rate": "5.00", "hsn_code": null, "is_veg": true, "is_available": true, "image_url": null, "display_order": 85, "prep_time_minutes": 5, "allergen_tags": "[]", "is_packaged_good": false}}, {"model": "menu.product", "pk": "b39e9050-2c0b-4899-93e2-b19fa1356daf", "fields": {"created_at": "2026-03-25T22:29:11.931Z", "updated_at": "2026-03-25T22:29:11.931Z", "created_by": null, "updated_by": null, "is_active": true, "deleted_at": null, "category": "c5f1aecf-6ddd-47f3-8061-89d832dff254", "outlet": null, "name": "Dry Fruit", "description": null, "base_price": "50.00", "tax_rate": "5.00", "hsn_code": null, "is_veg": true, "is_available": true, "image_url": null, "display_order": 17, "prep_time_minutes": 5, "allergen_tags": "[]", "is_packaged_good": false}}, {"model": "menu.product", "pk": "b95f6fd4-3225-4e7e-bc75-0e21edc375d3", "fields": {"created_at": "2026-03-25T22:29:11.830Z", "updated_at": "2026-03-25T22:29:11.830Z", "created_by": null, "updated_by": null, "is_active": true, "deleted_at": null, "category": "c5f1aecf-6ddd-47f3-8061-89d832dff254", "outlet": null, "name": "Natural Pineapple Pis", "description": null, "base_price": "45.00", "tax_rate": "5.00", "hsn_code": null, "is_veg": true, "is_available": true, "image_url": null, "display_order": 1, "prep_time_minutes": 5, "allergen_tags": "[]", "is_packaged_good": false}}, {"model": "menu.product", "pk": "c43c3cd5-10ed-49aa-a38d-918afa39c457", "fields": {"created_at": "2026-03-25T22:29:12.087Z", "updated_at": "2026-03-25T22:29:12.087Z", "created_by": null, "updated_by": null, "is_active": true, "deleted_at": null, "category": "e46fed39-5373-4923-b1fd-58af2e3f7701", "outlet": null, "name": "Nutella Brownie", "description": null, "base_price": "220.00", "tax_rate": "5.00", "hsn_code": null, "is_veg": true, "is_available": true, "image_url": null, "display_order": 60, "prep_time_minutes": 5, "allergen_tags": "[]", "is_packaged_good": false}}, {"model": "menu.product", "pk": "c7cc99b4-014d-4644-a567-e0b72a42e8c8", "fields": {"created_at": "2026-03-25T22:29:11.925Z", "updated_at": "2026-03-25T22:29:11.925Z", "created_by": null, "updated_by": null, "is_active": true, "deleted_at": null, "category": "c5f1aecf-6ddd-47f3-8061-89d832dff254", "outlet": null, "name": "Mava Badam", "description": null, "base_price": "50.00", "tax_rate": "5.00", "hsn_code": null, "is_veg": true, "is_available": true, "image_url": null, "display_order": 16, "prep_time_minutes": 5, "allergen_tags": "[]", "is_packaged_good": false}}, {"model": "menu.product", "pk": "c83a21eb-6c06-472c-8efb-055e0ac62e6c", "fields": {"created_at": "2026-03-25T22:29:11.854Z", "updated_at": "2026-03-25T22:29:11.854Z", "created_by": null, "updated_by": null, "is_active": true, "deleted_at": null, "category": "c5f1aecf-6ddd-47f3-8061-89d832dff254", "outlet": null, "name": "Natural Strawberry", "description": null, "base_price": "50.00", "tax_rate": "5.00", "hsn_code": null, "is_veg": true, "is_available": true, "image_url": null, "display_order": 5, "prep_time_minutes": 5, "allergen_tags": "[]", "is_packaged_good": false}}, {"model": "menu.product", "pk": "c87ac5f8-636e-4db4-84bb-7d1e0b8f44a3", "fields": {"created_at": "2026-03-25T22:29:12.011Z", "updated_at": "2026-03-25T22:29:12.011Z", "created_by": null, "updated_by": null, "is_active": true, "deleted_at": null, "category": "c5f1aecf-6ddd-47f3-8061-89d832dff254", "outlet": null, "name": "Natural Sitafal (Seasonal)", "description": null, "base_price": "60.00", "tax_rate": "5.00", "hsn_code": null, "is_veg": true, "is_available": true, "image_url": null, "display_order": 30, "prep_time_minutes": 5, "allergen_tags": "[]", "is_packaged_good": false}}, {"model": "menu.product", "pk": "c90dc296-49a2-4ffe-add6-e47c900aaa85", "fields": {"created_at": "2026-03-25T22:29:11.919Z", "updated_at": "2026-03-25T22:29:11.919Z", "created_by": null, "updated_by": null, "is_active": true, "deleted_at": null, "category": "c5f1aecf-6ddd-47f3-8061-89d832dff254", "outlet": null, "name": "Honey Cream (Sugar Free)", "description": null, "base_price": "50.00", "tax_rate": "5.00", "hsn_code": null, "is_veg": true, "is_available": true, "image_url": null, "display_order": 15, "prep_time_minutes": 5, "allergen_tags": "[]", "is_packaged_good": false}}, {"model": "menu.product", "pk": "cd6149e6-5406-46c9-8117-eefc2cbe55a8", "fields": {"created_at": "2026-03-25T22:29:11.880Z", "updated_at": "2026-03-25T22:29:11.880Z", "created_by": null, "updated_by": null, "is_active": true, "deleted_at": null, "category": "c5f1aecf-6ddd-47f3-8061-89d832dff254", "outlet": null, "name": "Kesar Pista", "description": null, "base_price": "50.00", "tax_rate": "5.00", "hsn_code": null, "is_veg": true, "is_available": true, "image_url": null, "display_order": 9, "prep_time_minutes": 5, "allergen_tags": "[]", "is_packaged_good": false}}, {"model": "menu.product", "pk": "d39c1090-576a-4856-9d84-d22735439b2c", "fields": {"created_at": "2026-03-25T22:29:11.949Z", "updated_at": "2026-03-25T22:29:11.949Z", "created_by": null, "updated_by": null, "is_active": true, "deleted_at": null, "category": "c5f1aecf-6ddd-47f3-8061-89d832dff254", "outlet": null, "name": "Black Current (likely \u201cBlack Currant\u201d)", "description": null, "base_price": "50.00", "tax_rate": "5.00", "hsn_code": null, "is_veg": true, "is_available": true, "image_url": null, "display_order": 20, "prep_time_minutes": 5, "allergen_tags": "[]", "is_packaged_good": false}}, {"model": "menu.product", "pk": "e2292ef0-9a80-4d3f-a517-6f0b9269dea9", "fields": {"created_at": "2026-03-25T22:29:11.894Z", "updated_at": "2026-03-25T22:29:11.894Z", "created_by": null, "updated_by": null, "is_active": true, "deleted_at": null, "category": "c5f1aecf-6ddd-47f3-8061-89d832dff254", "outlet": null, "name": "Fruity Magic", "description": null, "base_price": "50.00", "tax_rate": "5.00", "hsn_code": null, "is_veg": true, "is_available": true, "image_url": null, "display_order": 11, "prep_time_minutes": 5, "allergen_tags": "[]", "is_packaged_good": false}}, {"model": "menu.product", "pk": "e3bd44f3-ef62-44f0-95d2-b6b1f6fb2932", "fields": {"created_at": "2026-03-25T22:29:11.907Z", "updated_at": "2026-03-25T22:29:11.907Z", "created_by": null, "updated_by": null, "is_active": true, "deleted_at": null, "category": "c5f1aecf-6ddd-47f3-8061-89d832dff254", "outlet": null, "name": "Cookie Bite", "description": null, "base_price": "50.00", "tax_rate": "5.00", "hsn_code": null, "is_veg": true, "is_available": true, "image_url": null, "display_order": 13, "prep_time_minutes": 5, "allergen_tags": "[]", "is_packaged_good": false}}, {"model": "menu.product", "pk": "e6e88e95-84af-4440-94f3-fc304795593b", "fields": {"created_at": "2026-03-25T22:29:12.074Z", "updated_at": "2026-03-25T22:29:12.074Z", "created_by": null, "updated_by": null, "is_active": true, "deleted_at": null, "category": "e46fed39-5373-4923-b1fd-58af2e3f7701", "outlet": null, "name": "Badam Pista", "description": null, "base_price": "170.00", "tax_rate": "5.00", "hsn_code": null, "is_veg": true, "is_available": true, "image_url": null, "display_order": 51, "prep_time_minutes": 5, "allergen_tags": "[]", "is_packaged_good": false}}, {"model": "menu.product", "pk": "e86efa25-ffb7-40dc-8c13-2af3c6706f29", "fields": {"created_at": "2026-03-25T22:29:12.097Z", "updated_at": "2026-03-25T22:29:12.097Z", "created_by": null, "updated_by": null, "is_active": true, "deleted_at": null, "category": "db4b4fed-08b2-4f85-9439-16e5df7b0685", "outlet": null, "name": "Kesar Pista", "description": null, "base_price": "50.00", "tax_rate": "5.00", "hsn_code": null, "is_veg": true, "is_available": true, "image_url": null, "display_order": 67, "prep_time_minutes": 5, "allergen_tags": "[]", "is_packaged_good": false}}, {"model": "menu.product", "pk": "e8d8a855-1fb1-4a76-9242-a70420f58b5c", "fields": {"created_at": "2026-03-25T22:29:11.836Z", "updated_at": "2026-03-25T22:29:11.836Z", "created_by": null, "updated_by": null, "is_active": true, "deleted_at": null, "category": "c5f1aecf-6ddd-47f3-8061-89d832dff254", "outlet": null, "name": "Butter Scotch", "description": null, "base_price": "45.00", "tax_rate": "5.00", "hsn_code": null, "is_veg": true, "is_available": true, "image_url": null, "display_order": 2, "prep_time_minutes": 5, "allergen_tags": "[]", "is_packaged_good": false}}, {"model": "menu.product", "pk": "e8e4a295-9867-4dde-8e2c-7ec3fbb4b4af", "fields": {"created_at": "2026-03-25T22:29:12.095Z", "updated_at": "2026-03-25T22:29:12.095Z", "created_by": null, "updated_by": null, "is_active": true, "deleted_at": null, "category": "db4b4fed-08b2-4f85-9439-16e5df7b0685", "outlet": null, "name": "Strawberry", "description": null, "base_price": "40.00", "tax_rate": "5.00", "hsn_code": null, "is_veg": true, "is_available": true, "image_url": null, "display_order": 65, "prep_time_minutes": 5, "allergen_tags": "[]", "is_packaged_good": false}}, {"model": "menu.product", "pk": "ea3bd415-fb0f-4a00-8f84-e96648659b9f", "fields": {"created_at": "2026-03-25T22:29:12.035Z", "updated_at": "2026-03-25T22:29:12.035Z", "created_by": null, "updated_by": null, "is_active": true, "deleted_at": null, "category": "c5f1aecf-6ddd-47f3-8061-89d832dff254", "outlet": null, "name": "KitKat Biscoff", "description": null, "base_price": "70.00", "tax_rate": "5.00", "hsn_code": null, "is_veg": true, "is_available": true, "image_url": null, "display_order": 34, "prep_time_minutes": 5, "allergen_tags": "[]", "is_packaged_good": false}}, {"model": "menu.product", "pk": "eba63901-8e5b-4ed5-b6ab-c5e4d700ad34", "fields": {"created_at": "2026-03-25T22:29:12.058Z", "updated_at": "2026-03-25T22:29:12.058Z", "created_by": null, "updated_by": null, "is_active": true, "deleted_at": null, "category": "e46fed39-5373-4923-b1fd-58af2e3f7701", "outlet": null, "name": "Jelly Jemnut", "description": null, "base_price": "160.00", "tax_rate": "5.00", "hsn_code": null, "is_veg": true, "is_available": true, "image_url": null, "display_order": 40, "prep_time_minutes": 5, "allergen_tags": "[]", "is_packaged_good": false}}, {"model": "menu.product", "pk": "f08a634a-1ed5-4a36-9574-f4bc42aae6fd", "fields": {"created_at": "2026-03-25T22:29:12.068Z", "updated_at": "2026-03-25T22:29:12.068Z", "created_by": null, "updated_by": null, "is_active": true, "deleted_at": null, "category": "e46fed39-5373-4923-b1fd-58af2e3f7701", "outlet": null, "name": "Mango (Seasonal)", "description": null, "base_price": "170.00", "tax_rate": "5.00", "hsn_code": null, "is_veg": true, "is_available": true, "image_url": null, "display_order": 46, "prep_time_minutes": 5, "allergen_tags": "[]", "is_packaged_good": false}}, {"model": "menu.product", "pk": "fca2c20e-174d-4abc-aab3-c480142334ac", "fields": {"created_at": "2026-03-25T22:29:11.913Z", "updated_at": "2026-03-25T22:29:11.913Z", "created_by": null, "updated_by": null, "is_active": true, "deleted_at": null, "category": "c5f1aecf-6ddd-47f3-8061-89d832dff254", "outlet": null, "name": "Roasted Almond", "description": null, "base_price": "50.00", "tax_rate": "5.00", "hsn_code": null, "is_veg": true, "is_available": true, "image_url": null, "display_order": 14, "prep_time_minutes": 5, "allergen_tags": "[]", "is_packaged_good": false}}, {"model": "menu.productvariant", "pk": "00cde886-2a26-4e8a-a136-e149e120d642", "fields": {"created_at": "2026-03-25T22:29:12.037Z", "updated_at": "2026-03-25T22:29:12.037Z", "created_by": null, "updated_by": null, "is_active": true, "deleted_at": null, "product": "ea3bd415-fb0f-4a00-8f84-e96648659b9f", "name": "100gm", "price_delta": "0.00", "is_default": true}}, {"model": "menu.productvariant", "pk": "0100af2f-e5f2-4792-b83c-5d3b6fa3afa7", "fields": {"created_at": "2026-03-25T09:39:19.428Z", "updated_at": "2026-03-25T09:39:19.428Z", "created_by": null, "updated_by": null, "is_active": true, "deleted_at": null, "product": "ed8b59ee-ec04-468a-950a-24c3044fb5ce", "name": "Large", "price_delta": "40.00", "is_default": false}}, {"model": "menu.productvariant", "pk": "015d6ac1-777e-4c93-856c-a0adc1b09e92", "fields": {"created_at": "2026-03-25T22:29:11.876Z", "updated_at": "2026-03-25T22:29:11.876Z", "created_by": null, "updated_by": null, "is_active": true, "deleted_at": null, "product": "0f9a9147-f86c-425e-b6c8-ee8b0c3f7bd9", "name": "250gm", "price_delta": "70.00", "is_default": false}}, {"model": "menu.productvariant", "pk": "032feb86-f9eb-4e88-92a2-f3efa2bfac61", "fields": {"created_at": "2026-03-25T22:29:11.970Z", "updated_at": "2026-03-25T22:29:11.970Z", "created_by": null, "updated_by": null, "is_active": true, "deleted_at": null, "product": "61957091-3bb0-4442-8a64-99157c012c00", "name": "500gm", "price_delta": "200.00", "is_default": false}}, {"model": "menu.productvariant", "pk": "05dfcaba-e559-4305-bb35-58d072ef12f6", "fields": {"created_at": "2026-03-25T22:29:11.862Z", "updated_at": "2026-03-25T22:29:11.862Z", "created_by": null, "updated_by": null, "is_active": true, "deleted_at": null, "product": "601c0da9-8210-4c5f-88cf-eaeb6028f2ae", "name": "100gm", "price_delta": "0.00", "is_default": true}}, {"model": "menu.productvariant", "pk": "05e837f7-8250-4954-91d6-0617ebde2f43", "fields": {"created_at": "2026-03-25T22:29:11.922Z", "updated_at": "2026-03-25T22:29:11.922Z", "created_by": null, "updated_by": null, "is_active": true, "deleted_at": null, "product": "c90dc296-49a2-4ffe-add6-e47c900aaa85", "name": "250gm", "price_delta": "70.00", "is_default": false}}, {"model": "menu.productvariant", "pk": "0603d71a-c060-49bb-b373-c9dff7947eb9", "fields": {"created_at": "2026-03-25T22:29:12.013Z", "updated_at": "2026-03-25T22:29:12.013Z", "created_by": null, "updated_by": null, "is_active": true, "deleted_at": null, "product": "c87ac5f8-636e-4db4-84bb-7d1e0b8f44a3", "name": "100gm", "price_delta": "0.00", "is_default": true}}, {"model": "menu.productvariant", "pk": "07389bce-88d5-4d76-8c33-c59cd1e35baf", "fields": {"created_at": "2026-03-25T22:29:12.052Z", "updated_at": "2026-03-25T22:29:12.052Z", "created_by": null, "updated_by": null, "is_active": true, "deleted_at": null, "product": "7cd34f45-6c82-4fa9-b106-5f86a058e10e", "name": "1kg", "price_delta": "720.00", "is_default": false}}, {"model": "menu.productvariant", "pk": "076940ae-28ae-4a02-9c11-7121e77be347", "fields": {"created_at": "2026-03-25T22:29:11.952Z", "updated_at": "2026-03-25T22:29:11.952Z", "created_by": null, "updated_by": null, "is_active": true, "deleted_at": null, "product": "d39c1090-576a-4856-9d84-d22735439b2c", "name": "500gm", "price_delta": "200.00", "is_default": false}}, {"model": "menu.productvariant", "pk": "085344d0-239d-4119-9edc-f8c38b0cd18d", "fields": {"created_at": "2026-03-25T22:29:11.898Z", "updated_at": "2026-03-25T22:29:11.898Z", "created_by": null, "updated_by": null, "is_active": true, "deleted_at": null, "product": "e2292ef0-9a80-4d3f-a517-6f0b9269dea9", "name": "500gm", "price_delta": "190.00", "is_default": false}}, {"model": "menu.productvariant", "pk": "08fc206b-dfd1-4d00-9194-a8761d3e454d", "fields": {"created_at": "2026-03-25T22:29:11.975Z", "updated_at": "2026-03-25T22:29:11.975Z", "created_by": null, "updated_by": null, "is_active": true, "deleted_at": null, "product": "26f6c794-601e-459f-b271-dfa0a6659295", "name": "250gm", "price_delta": "80.00", "is_default": false}}, {"model": "menu.productvariant", "pk": "0b8b0433-7777-4112-9963-5ba82e132dec", "fields": {"created_at": "2026-03-25T22:29:11.946Z", "updated_at": "2026-03-25T22:29:11.946Z", "created_by": null, "updated_by": null, "is_active": true, "deleted_at": null, "product": "56bdb394-1c2b-4af3-beae-f2754424e64c", "name": "250gm", "price_delta": "80.00", "is_default": false}}, {"model": "menu.productvariant", "pk": "0bcb676a-b002-4e62-ab2a-a467e4146355", "fields": {"created_at": "2026-03-25T22:29:11.897Z", "updated_at": "2026-03-25T22:29:11.897Z", "created_by": null, "updated_by": null, "is_active": true, "deleted_at": null, "product": "e2292ef0-9a80-4d3f-a517-6f0b9269dea9", "name": "250gm", "price_delta": "70.00", "is_default": false}}, {"model": "menu.productvariant", "pk": "0ca6a104-6c03-4bad-aea0-152360e82038", "fields": {"created_at": "2026-03-25T22:29:11.834Z", "updated_at": "2026-03-25T22:29:11.834Z", "created_by": null, "updated_by": null, "is_active": true, "deleted_at": null, "product": "b95f6fd4-3225-4e7e-bc75-0e21edc375d3", "name": "500gm", "price_delta": "155.00", "is_default": false}}, {"model": "menu.productvariant", "pk": "0e4bb528-3b7d-46d7-adc2-7333c34ae09a", "fields": {"created_at": "2026-03-25T22:29:11.914Z", "updated_at": "2026-03-25T22:29:11.914Z", "created_by": null, "updated_by": null, "is_active": true, "deleted_at": null, "product": "fca2c20e-174d-4abc-aab3-c480142334ac", "name": "100gm", "price_delta": "0.00", "is_default": true}}, {"model": "menu.productvariant", "pk": "0ed4c798-13aa-42a6-b64b-f67176fc8df8", "fields": {"created_at": "2026-03-25T22:29:11.948Z", "updated_at": "2026-03-25T22:29:11.948Z", "created_by": null, "updated_by": null, "is_active": true, "deleted_at": null, "product": "56bdb394-1c2b-4af3-beae-f2754424e64c", "name": "1kg", "price_delta": "450.00", "is_default": false}}, {"model": "menu.productvariant", "pk": "1015ab4f-e40b-4045-a460-0466e45aeaca", "fields": {"created_at": "2026-03-27T19:16:05.748Z", "updated_at": "2026-03-27T19:16:05.748Z", "created_by": null, "updated_by": null, "is_active": true, "deleted_at": null, "product": "14a35417-73c2-4222-a16b-ec779bd3a41f", "name": "100gm", "price_delta": "40.00", "is_default": true}}, {"model": "menu.productvariant", "pk": "11b528fd-1c0d-4f3e-8456-417bbf5f75d8", "fields": {"created_at": "2026-03-25T22:29:11.947Z", "updated_at": "2026-03-25T22:29:11.947Z", "created_by": null, "updated_by": null, "is_active": true, "deleted_at": null, "product": "56bdb394-1c2b-4af3-beae-f2754424e64c", "name": "500gm", "price_delta": "200.00", "is_default": false}}, {"model": "menu.productvariant", "pk": "13fce6c0-04ac-4352-bdbf-e1c7ea1b0ad7", "fields": {"created_at": "2026-03-25T09:39:19.448Z", "updated_at": "2026-03-25T09:39:19.448Z", "created_by": null, "updated_by": null, "is_active": true, "deleted_at": null, "product": "ba8306a1-c769-4109-b7e8-b48eac74ffb7", "name": "Regular", "price_delta": "0.00", "is_default": true}}, {"model": "menu.productvariant", "pk": "1554bcad-aa0c-43b5-8db4-cbb5557f538c", "fields": {"created_at": "2026-03-25T22:29:11.883Z", "updated_at": "2026-03-25T22:29:11.883Z", "created_by": null, "updated_by": null, "is_active": true, "deleted_at": null, "product": "cd6149e6-5406-46c9-8117-eefc2cbe55a8", "name": "250gm", "price_delta": "70.00", "is_default": false}}, {"model": "menu.productvariant", "pk": "19deccd6-d55c-4498-ad35-a957a016b48c", "fields": {"created_at": "2026-03-25T09:39:19.407Z", "updated_at": "2026-03-25T09:39:19.407Z", "created_by": null, "updated_by": null, "is_active": true, "deleted_at": null, "product": "ff6dd1b2-6f6c-486f-9fef-ded00bfbf961", "name": "Large", "price_delta": "40.00", "is_default": false}}, {"model": "menu.productvariant", "pk": "1cd578ef-efc8-4989-bc1b-d7dadb17a7c1", "fields": {"created_at": "2026-03-25T22:29:11.934Z", "updated_at": "2026-03-25T22:29:11.934Z", "created_by": null, "updated_by": null, "is_active": true, "deleted_at": null, "product": "b39e9050-2c0b-4899-93e2-b19fa1356daf", "name": "500gm", "price_delta": "200.00", "is_default": false}}, {"model": "menu.productvariant", "pk": "1f94dcab-e51b-4cf3-b830-7393805f1b29", "fields": {"created_at": "2026-03-25T22:29:11.966Z", "updated_at": "2026-03-25T22:29:11.966Z", "created_by": null, "updated_by": null, "is_active": true, "deleted_at": null, "product": "87c0b8f0-63bb-47d5-be84-dd61a1b63fa0", "name": "1kg", "price_delta": "450.00", "is_default": false}}, {"model": "menu.productvariant", "pk": "202cd66f-dea9-4450-86a2-b2624603ed7d", "fields": {"created_at": "2026-03-25T22:29:12.046Z", "updated_at": "2026-03-25T22:29:12.046Z", "created_by": null, "updated_by": null, "is_active": true, "deleted_at": null, "product": "740cac23-4f97-4475-8c1b-e8f5ad57c42f", "name": "1kg", "price_delta": "630.00", "is_default": false}}, {"model": "menu.productvariant", "pk": "205b287b-8aa5-44c4-967f-214293c687b6", "fields": {"created_at": "2026-03-25T22:29:11.852Z", "updated_at": "2026-03-25T22:29:11.852Z", "created_by": null, "updated_by": null, "is_active": true, "deleted_at": null, "product": "8b878d3e-2c3a-4d8b-af8b-090c605e0eaa", "name": "500gm", "price_delta": "170.00", "is_default": false}}, {"model": "menu.productvariant", "pk": "20e675c6-87c2-458f-99b0-52e9427780bc", "fields": {"created_at": "2026-03-25T22:29:11.924Z", "updated_at": "2026-03-25T22:29:11.924Z", "created_by": null, "updated_by": null, "is_active": true, "deleted_at": null, "product": "c90dc296-49a2-4ffe-add6-e47c900aaa85", "name": "1kg", "price_delta": "430.00", "is_default": false}}, {"model": "menu.productvariant", "pk": "2191fa34-288c-4889-abe9-6d21d3a65447", "fields": {"created_at": "2026-03-25T22:29:12.025Z", "updated_at": "2026-03-25T22:29:12.025Z", "created_by": null, "updated_by": null, "is_active": true, "deleted_at": null, "product": "a7b58c1b-b8bb-4910-88b4-fc5e247176c3", "name": "250gm", "price_delta": "90.00", "is_default": false}}, {"model": "menu.productvariant", "pk": "228ed3d9-e0b7-4941-9cd1-3bb9f8132206", "fields": {"created_at": "2026-03-25T22:29:11.974Z", "updated_at": "2026-03-25T22:29:11.974Z", "created_by": null, "updated_by": null, "is_active": true, "deleted_at": null, "product": "26f6c794-601e-459f-b271-dfa0a6659295", "name": "100gm", "price_delta": "0.00", "is_default": true}}, {"model": "menu.productvariant", "pk": "243499de-1f44-4319-a43d-23ce6d705e9c", "fields": {"created_at": "2026-03-25T22:29:12.043Z", "updated_at": "2026-03-25T22:29:12.044Z", "created_by": null, "updated_by": null, "is_active": true, "deleted_at": null, "product": "740cac23-4f97-4475-8c1b-e8f5ad57c42f", "name": "100gm", "price_delta": "0.00", "is_default": true}}, {"model": "menu.productvariant", "pk": "266b78e1-a3b2-4937-bb2c-cb5dda9cb106", "fields": {"created_at": "2026-03-25T22:29:11.840Z", "updated_at": "2026-03-25T22:29:11.840Z", "created_by": null, "updated_by": null, "is_active": true, "deleted_at": null, "product": "e8d8a855-1fb1-4a76-9242-a70420f58b5c", "name": "1kg", "price_delta": "355.00", "is_default": false}}, {"model": "menu.productvariant", "pk": "272a2271-b5c6-4657-97a8-4ba5df957892", "fields": {"created_at": "2026-03-25T22:29:11.838Z", "updated_at": "2026-03-25T22:29:11.838Z", "created_by": null, "updated_by": null, "is_active": true, "deleted_at": null, "product": "e8d8a855-1fb1-4a76-9242-a70420f58b5c", "name": "100gm", "price_delta": "0.00", "is_default": true}}, {"model": "menu.productvariant", "pk": "27980878-9f0f-4032-9f30-2e90a3375c50", "fields": {"created_at": "2026-03-25T22:29:11.932Z", "updated_at": "2026-03-25T22:29:11.932Z", "created_by": null, "updated_by": null, "is_active": true, "deleted_at": null, "product": "b39e9050-2c0b-4899-93e2-b19fa1356daf", "name": "100gm", "price_delta": "0.00", "is_default": true}}, {"model": "menu.productvariant", "pk": "27ab76c9-9056-4bfa-a397-f9e3a5f86601", "fields": {"created_at": "2026-03-25T22:29:11.994Z", "updated_at": "2026-03-25T22:29:11.994Z", "created_by": null, "updated_by": null, "is_active": true, "deleted_at": null, "product": "9a3ea35f-367f-4feb-b4a3-d9ca77702d98", "name": "250gm", "price_delta": "85.00", "is_default": false}}, {"model": "menu.productvariant", "pk": "28e4f0d9-25d6-4fe0-bed2-1b2dfee3f491", "fields": {"created_at": "2026-03-25T22:29:11.996Z", "updated_at": "2026-03-25T22:29:11.996Z", "created_by": null, "updated_by": null, "is_active": true, "deleted_at": null, "product": "9a3ea35f-367f-4feb-b4a3-d9ca77702d98", "name": "1kg", "price_delta": "495.00", "is_default": false}}, {"model": "menu.productvariant", "pk": "29bfc58c-8123-42d5-a677-dbfca238e56a", "fields": {"created_at": "2026-03-25T22:29:12.038Z", "updated_at": "2026-03-25T22:29:12.038Z", "created_by": null, "updated_by": null, "is_active": true, "deleted_at": null, "product": "ea3bd415-fb0f-4a00-8f84-e96648659b9f", "name": "250gm", "price_delta": "110.00", "is_default": false}}, {"model": "menu.productvariant", "pk": "2af448c5-6e97-41cc-b67c-6ef5f9cbf79f", "fields": {"created_at": "2026-03-25T22:29:12.020Z", "updated_at": "2026-03-25T22:29:12.020Z", "created_by": null, "updated_by": null, "is_active": true, "deleted_at": null, "product": "548f1549-2157-4e50-9565-ef03ecb0d8d2", "name": "500gm", "price_delta": "240.00", "is_default": false}}, {"model": "menu.productvariant", "pk": "2b48bdee-5623-4d29-a83d-d94517edf10f", "fields": {"created_at": "2026-03-25T22:29:11.982Z", "updated_at": "2026-03-25T22:29:11.982Z", "created_by": null, "updated_by": null, "is_active": true, "deleted_at": null, "product": "1fea0762-e233-469c-a857-f41497c776eb", "name": "500gm", "price_delta": "200.00", "is_default": false}}, {"model": "menu.productvariant", "pk": "2f7a9c40-21b0-4bc0-b664-b16705da086e", "fields": {"created_at": "2026-03-25T22:29:11.983Z", "updated_at": "2026-03-25T22:29:11.983Z", "created_by": null, "updated_by": null, "is_active": true, "deleted_at": null, "product": "1fea0762-e233-469c-a857-f41497c776eb", "name": "1kg", "price_delta": "450.00", "is_default": false}}, {"model": "menu.productvariant", "pk": "2fefa4ea-05d0-436c-855c-804af2eb73a1", "fields": {"created_at": "2026-03-25T22:29:11.840Z", "updated_at": "2026-03-25T22:29:11.840Z", "created_by": null, "updated_by": null, "is_active": true, "deleted_at": null, "product": "e8d8a855-1fb1-4a76-9242-a70420f58b5c", "name": "500gm", "price_delta": "155.00", "is_default": false}}, {"model": "menu.productvariant", "pk": "32e1aa46-9c5a-4f1f-b3cf-fc6dc6840da1", "fields": {"created_at": "2026-03-25T22:29:11.940Z", "updated_at": "2026-03-25T22:29:11.940Z", "created_by": null, "updated_by": null, "is_active": true, "deleted_at": null, "product": "9abd564d-297d-45cd-8b98-1bbb55fa93ef", "name": "250gm", "price_delta": "80.00", "is_default": false}}, {"model": "menu.productvariant", "pk": "33df8f5e-f81f-4c09-9d55-6eb450463e84", "fields": {"created_at": "2026-03-25T22:29:12.002Z", "updated_at": "2026-03-25T22:29:12.002Z", "created_by": null, "updated_by": null, "is_active": true, "deleted_at": null, "product": "6cdf6473-f856-42cb-a273-c2800ecba27b", "name": "500gm", "price_delta": "225.00", "is_default": false}}, {"model": "menu.productvariant", "pk": "34cdcf54-6728-4f95-85e7-c00d7cd5d3ca", "fields": {"created_at": "2026-03-25T22:29:12.040Z", "updated_at": "2026-03-25T22:29:12.040Z", "created_by": null, "updated_by": null, "is_active": true, "deleted_at": null, "product": "ea3bd415-fb0f-4a00-8f84-e96648659b9f", "name": "1kg", "price_delta": "630.00", "is_default": false}}, {"model": "menu.productvariant", "pk": "36bc2319-6478-4f2f-8bae-365c55ce0412", "fields": {"created_at": "2026-03-25T22:29:11.896Z", "updated_at": "2026-03-25T22:29:11.896Z", "created_by": null, "updated_by": null, "is_active": true, "deleted_at": null, "product": "e2292ef0-9a80-4d3f-a517-6f0b9269dea9", "name": "100gm", "price_delta": "0.00", "is_default": true}}, {"model": "menu.productvariant", "pk": "384ed72e-cf9d-47a4-9103-d6c2a1126582", "fields": {"created_at": "2026-03-25T22:29:11.899Z", "updated_at": "2026-03-25T22:29:11.899Z", "created_by": null, "updated_by": null, "is_active": true, "deleted_at": null, "product": "e2292ef0-9a80-4d3f-a517-6f0b9269dea9", "name": "1kg", "price_delta": "430.00", "is_default": false}}, {"model": "menu.productvariant", "pk": "38bbf398-2399-423b-84b9-2447286f7d13", "fields": {"created_at": "2026-03-25T22:29:11.857Z", "updated_at": "2026-03-25T22:29:11.857Z", "created_by": null, "updated_by": null, "is_active": true, "deleted_at": null, "product": "c83a21eb-6c06-472c-8efb-055e0ac62e6c", "name": "250gm", "price_delta": "60.00", "is_default": false}}, {"model": "menu.productvariant", "pk": "3d62db20-add5-4c37-8f3a-46cbd07fa62b", "fields": {"created_at": "2026-03-25T22:29:11.951Z", "updated_at": "2026-03-25T22:29:11.951Z", "created_by": null, "updated_by": null, "is_active": true, "deleted_at": null, "product": "d39c1090-576a-4856-9d84-d22735439b2c", "name": "250gm", "price_delta": "80.00", "is_default": false}}, {"model": "menu.productvariant", "pk": "4301e4f3-6672-4808-b888-d1ee4e7de28b", "fields": {"created_at": "2026-03-25T22:29:11.910Z", "updated_at": "2026-03-25T22:29:11.911Z", "created_by": null, "updated_by": null, "is_active": true, "deleted_at": null, "product": "e3bd44f3-ef62-44f0-95d2-b6b1f6fb2932", "name": "500gm", "price_delta": "190.00", "is_default": false}}, {"model": "menu.productvariant", "pk": "43215a75-7b74-493e-86b3-c5c598d873b6", "fields": {"created_at": "2026-03-25T22:29:12.003Z", "updated_at": "2026-03-25T22:29:12.003Z", "created_by": null, "updated_by": null, "is_active": true, "deleted_at": null, "product": "6cdf6473-f856-42cb-a273-c2800ecba27b", "name": "1kg", "price_delta": "495.00", "is_default": false}}, {"model": "menu.productvariant", "pk": "439cd6b4-d3e1-406b-b90e-957dde1ba5bd", "fields": {"created_at": "2026-03-25T09:39:19.381Z", "updated_at": "2026-03-25T20:03:21.508Z", "created_by": null, "updated_by": null, "is_active": true, "deleted_at": null, "product": "bd23441b-b5de-4618-ab60-ec037ba125ab", "name": "Regular", "price_delta": "0.00", "is_default": true}}, {"model": "menu.productvariant", "pk": "43e8582f-fd6b-4c6e-9c70-778af9741db2", "fields": {"created_at": "2026-03-25T22:29:11.976Z", "updated_at": "2026-03-25T22:29:11.976Z", "created_by": null, "updated_by": null, "is_active": true, "deleted_at": null, "product": "26f6c794-601e-459f-b271-dfa0a6659295", "name": "500gm", "price_delta": "200.00", "is_default": false}}, {"model": "menu.productvariant", "pk": "4421b748-b5b4-459c-8488-dc8658d13b99", "fields": {"created_at": "2026-03-25T22:27:59.057Z", "updated_at": "2026-03-25T22:27:59.057Z", "created_by": null, "updated_by": null, "is_active": true, "deleted_at": null, "product": "d7ec501f-6995-4566-9338-fab026b55d2a", "name": "500gms", "price_delta": "180.00", "is_default": true}}, {"model": "menu.productvariant", "pk": "46a1ecd2-1411-41c1-99c9-b04ecc3a1dab", "fields": {"created_at": "2026-03-25T22:29:12.034Z", "updated_at": "2026-03-25T22:29:12.034Z", "created_by": null, "updated_by": null, "is_active": true, "deleted_at": null, "product": "87f50608-876c-4f63-aecc-9ecc71289bd3", "name": "1kg", "price_delta": "540.00", "is_default": false}}, {"model": "menu.productvariant", "pk": "46afac43-1670-4a72-baeb-df5c4e099831", "fields": {"created_at": "2026-03-25T22:29:11.833Z", "updated_at": "2026-03-25T22:29:11.833Z", "created_by": null, "updated_by": null, "is_active": true, "deleted_at": null, "product": "b95f6fd4-3225-4e7e-bc75-0e21edc375d3", "name": "250gm", "price_delta": "55.00", "is_default": false}}, {"model": "menu.productvariant", "pk": "473985ca-8de0-47d8-b006-71ebc1a48c5b", "fields": {"created_at": "2026-03-25T09:39:19.372Z", "updated_at": "2026-03-25T21:40:00.664Z", "created_by": null, "updated_by": null, "is_active": true, "deleted_at": null, "product": "09c3bddc-3331-410c-974d-5c392b054099", "name": "Regular", "price_delta": "0.00", "is_default": true}}, {"model": "menu.productvariant", "pk": "47fff6d2-3edb-44f7-93bd-038de3cd0b79", "fields": {"created_at": "2026-03-25T22:29:11.993Z", "updated_at": "2026-03-25T22:29:11.993Z", "created_by": null, "updated_by": null, "is_active": true, "deleted_at": null, "product": "9a3ea35f-367f-4feb-b4a3-d9ca77702d98", "name": "100gm", "price_delta": "0.00", "is_default": true}}, {"model": "menu.productvariant", "pk": "48414687-cb28-4790-89a7-5f9ce4144728", "fields": {"created_at": "2026-03-25T22:29:11.885Z", "updated_at": "2026-03-25T22:29:11.885Z", "created_by": null, "updated_by": null, "is_active": true, "deleted_at": null, "product": "cd6149e6-5406-46c9-8117-eefc2cbe55a8", "name": "1kg", "price_delta": "430.00", "is_default": false}}, {"model": "menu.productvariant", "pk": "4949f3ad-c9bc-4d2f-8ea2-76f22d42a9d3", "fields": {"created_at": "2026-03-25T22:29:11.889Z", "updated_at": "2026-03-25T22:29:11.889Z", "created_by": null, "updated_by": null, "is_active": true, "deleted_at": null, "product": "35714131-e74f-43d6-ab21-11862e149028", "name": "100gm", "price_delta": "0.00", "is_default": true}}, {"model": "menu.productvariant", "pk": "4a1644d5-36d3-465b-8b7e-66f463854e65", "fields": {"created_at": "2026-03-25T22:29:11.945Z", "updated_at": "2026-03-25T22:29:11.945Z", "created_by": null, "updated_by": null, "is_active": true, "deleted_at": null, "product": "56bdb394-1c2b-4af3-beae-f2754424e64c", "name": "100gm", "price_delta": "0.00", "is_default": true}}, {"model": "menu.productvariant", "pk": "4c2ce886-6285-4c57-8828-9ce4ed6563f6", "fields": {"created_at": "2026-03-25T22:27:59.061Z", "updated_at": "2026-03-25T22:27:59.061Z", "created_by": null, "updated_by": null, "is_active": true, "deleted_at": null, "product": "d7ec501f-6995-4566-9338-fab026b55d2a", "name": "1kg", "price_delta": "360.00", "is_default": false}}, {"model": "menu.productvariant", "pk": "4da6dd7e-5664-4a02-b5eb-15fb319899ab", "fields": {"created_at": "2026-03-25T22:29:12.024Z", "updated_at": "2026-03-25T22:29:12.024Z", "created_by": null, "updated_by": null, "is_active": true, "deleted_at": null, "product": "a7b58c1b-b8bb-4910-88b4-fc5e247176c3", "name": "100gm", "price_delta": "0.00", "is_default": true}}, {"model": "menu.productvariant", "pk": "4df1333c-5439-4dd5-8b90-eaeeca3702b6", "fields": {"created_at": "2026-03-25T22:29:12.051Z", "updated_at": "2026-03-25T22:29:12.051Z", "created_by": null, "updated_by": null, "is_active": true, "deleted_at": null, "product": "7cd34f45-6c82-4fa9-b106-5f86a058e10e", "name": "500gm", "price_delta": "320.00", "is_default": false}}, {"model": "menu.productvariant", "pk": "4ef572d4-7913-4554-a684-e9fc8d3adfcd", "fields": {"created_at": "2026-03-25T22:29:11.941Z", "updated_at": "2026-03-25T22:29:11.941Z", "created_by": null, "updated_by": null, "is_active": true, "deleted_at": null, "product": "9abd564d-297d-45cd-8b98-1bbb55fa93ef", "name": "500gm", "price_delta": "200.00", "is_default": false}}, {"model": "menu.productvariant", "pk": "4fab8195-4e70-44ce-826f-88be4bdab4be", "fields": {"created_at": "2026-03-25T22:29:12.016Z", "updated_at": "2026-03-25T22:29:12.016Z", "created_by": null, "updated_by": null, "is_active": true, "deleted_at": null, "product": "c87ac5f8-636e-4db4-84bb-7d1e0b8f44a3", "name": "1kg", "price_delta": "540.00", "is_default": false}}, {"model": "menu.productvariant", "pk": "5033d9fb-cd6f-4ce5-8972-674691308e44", "fields": {"created_at": "2026-03-25T22:29:12.001Z", "updated_at": "2026-03-25T22:29:12.001Z", "created_by": null, "updated_by": null, "is_active": true, "deleted_at": null, "product": "6cdf6473-f856-42cb-a273-c2800ecba27b", "name": "250gm", "price_delta": "85.00", "is_default": false}}, {"model": "menu.productvariant", "pk": "5305a621-0cdf-4ccf-81f3-5fb480023744", "fields": {"created_at": "2026-03-25T22:29:11.868Z", "updated_at": "2026-03-25T22:29:11.868Z", "created_by": null, "updated_by": null, "is_active": true, "deleted_at": null, "product": "8b2d8681-c25b-4425-8839-1bd5b7ba4132", "name": "100gm", "price_delta": "0.00", "is_default": true}}, {"model": "menu.productvariant", "pk": "58659e8b-9e8f-433a-af70-08f77cacc198", "fields": {"created_at": "2026-03-25T22:29:12.010Z", "updated_at": "2026-03-25T22:29:12.010Z", "created_by": null, "updated_by": null, "is_active": true, "deleted_at": null, "product": "5b9abd5b-5010-458b-b1af-2c7fb19328ce", "name": "1kg", "price_delta": "540.00", "is_default": false}}, {"model": "menu.productvariant", "pk": "58b6e5f3-d4a7-47be-a2ec-cc1793ec4adb", "fields": {"created_at": "2026-03-25T22:29:11.870Z", "updated_at": "2026-03-25T22:29:11.870Z", "created_by": null, "updated_by": null, "is_active": true, "deleted_at": null, "product": "8b2d8681-c25b-4425-8839-1bd5b7ba4132", "name": "500gm", "price_delta": "190.00", "is_default": false}}, {"model": "menu.productvariant", "pk": "5b2673e3-61ec-4ccd-8134-a77b80aa51bb", "fields": {"created_at": "2026-03-25T22:29:12.008Z", "updated_at": "2026-03-25T22:29:12.008Z", "created_by": null, "updated_by": null, "is_active": true, "deleted_at": null, "product": "5b9abd5b-5010-458b-b1af-2c7fb19328ce", "name": "500gm", "price_delta": "240.00", "is_default": false}}, {"model": "menu.productvariant", "pk": "5bde85df-5872-4c8e-9bdd-84d28dadc957", "fields": {"created_at": "2026-03-25T22:29:11.847Z", "updated_at": "2026-03-25T22:29:11.847Z", "created_by": null, "updated_by": null, "is_active": true, "deleted_at": null, "product": "1104c630-31cd-4fb5-a697-7eb2be03f5b8", "name": "1kg", "price_delta": "355.00", "is_default": false}}, {"model": "menu.productvariant", "pk": "5c111da8-ad5b-4d5b-9760-ccc8011f3538", "fields": {"created_at": "2026-03-25T22:29:11.977Z", "updated_at": "2026-03-25T22:29:11.977Z", "created_by": null, "updated_by": null, "is_active": true, "deleted_at": null, "product": "26f6c794-601e-459f-b271-dfa0a6659295", "name": "1kg", "price_delta": "450.00", "is_default": false}}, {"model": "menu.productvariant", "pk": "5c3d4e3b-3133-4d5f-b164-413f33f87246", "fields": {"created_at": "2026-03-25T22:29:11.995Z", "updated_at": "2026-03-25T22:29:11.995Z", "created_by": null, "updated_by": null, "is_active": true, "deleted_at": null, "product": "9a3ea35f-367f-4feb-b4a3-d9ca77702d98", "name": "500gm", "price_delta": "225.00", "is_default": false}}, {"model": "menu.productvariant", "pk": "5d05758b-5b76-46fb-a112-4dad4b4eedb9", "fields": {"created_at": "2026-03-25T22:29:11.928Z", "updated_at": "2026-03-25T22:29:11.928Z", "created_by": null, "updated_by": null, "is_active": true, "deleted_at": null, "product": "c7cc99b4-014d-4644-a567-e0b72a42e8c8", "name": "250gm", "price_delta": "80.00", "is_default": false}}, {"model": "menu.productvariant", "pk": "5dbf1a0e-7032-4ec4-88ca-4ab092ce6e3c", "fields": {"created_at": "2026-03-25T22:29:11.863Z", "updated_at": "2026-03-25T22:29:11.863Z", "created_by": null, "updated_by": null, "is_active": true, "deleted_at": null, "product": "601c0da9-8210-4c5f-88cf-eaeb6028f2ae", "name": "250gm", "price_delta": "70.00", "is_default": false}}, {"model": "menu.productvariant", "pk": "66200591-6daf-4e6f-93a5-9393f5c7ce55", "fields": {"created_at": "2026-03-25T22:29:11.856Z", "updated_at": "2026-03-25T22:29:11.856Z", "created_by": null, "updated_by": null, "is_active": true, "deleted_at": null, "product": "c83a21eb-6c06-472c-8efb-055e0ac62e6c", "name": "100gm", "price_delta": "0.00", "is_default": true}}, {"model": "menu.productvariant", "pk": "6809cc77-0fcc-431b-af31-e9c6daa06366", "fields": {"created_at": "2026-03-25T22:29:11.844Z", "updated_at": "2026-03-25T22:29:11.844Z", "created_by": null, "updated_by": null, "is_active": true, "deleted_at": null, "product": "1104c630-31cd-4fb5-a697-7eb2be03f5b8", "name": "100gm", "price_delta": "0.00", "is_default": true}}, {"model": "menu.productvariant", "pk": "68926371-3520-400d-a09c-57359bed7c33", "fields": {"created_at": "2026-03-25T22:29:12.032Z", "updated_at": "2026-03-25T22:29:12.032Z", "created_by": null, "updated_by": null, "is_active": true, "deleted_at": null, "product": "87f50608-876c-4f63-aecc-9ecc71289bd3", "name": "250gm", "price_delta": "90.00", "is_default": false}}, {"model": "menu.productvariant", "pk": "6baa7e80-e175-4701-976b-a1d224242ca5", "fields": {"created_at": "2026-03-25T22:29:11.999Z", "updated_at": "2026-03-25T22:29:11.999Z", "created_by": null, "updated_by": null, "is_active": true, "deleted_at": null, "product": "6cdf6473-f856-42cb-a273-c2800ecba27b", "name": "100gm", "price_delta": "0.00", "is_default": true}}, {"model": "menu.productvariant", "pk": "6cfac565-1077-4652-b243-c69c6dc8d31e", "fields": {"created_at": "2026-03-25T22:29:11.959Z", "updated_at": "2026-03-25T22:29:11.959Z", "created_by": null, "updated_by": null, "is_active": true, "deleted_at": null, "product": "04cbf9a7-9d30-420c-b1f9-ea4855e5c7da", "name": "1kg", "price_delta": "450.00", "is_default": false}}, {"model": "menu.productvariant", "pk": "6d5972d1-1f02-454a-acb5-80476742adce", "fields": {"created_at": "2026-03-25T22:29:11.865Z", "updated_at": "2026-03-25T22:29:11.865Z", "created_by": null, "updated_by": null, "is_active": true, "deleted_at": null, "product": "601c0da9-8210-4c5f-88cf-eaeb6028f2ae", "name": "1kg", "price_delta": "430.00", "is_default": false}}, {"model": "menu.productvariant", "pk": "6fb86bad-1d13-4f93-9ac9-3ee68a9571ef", "fields": {"created_at": "2026-03-25T22:29:11.965Z", "updated_at": "2026-03-25T22:29:11.965Z", "created_by": null, "updated_by": null, "is_active": true, "deleted_at": null, "product": "87c0b8f0-63bb-47d5-be84-dd61a1b63fa0", "name": "500gm", "price_delta": "200.00", "is_default": false}}, {"model": "menu.productvariant", "pk": "6fcfb48a-2153-4e95-a590-2264c905aba2", "fields": {"created_at": "2026-03-25T22:29:11.875Z", "updated_at": "2026-03-25T22:29:11.875Z", "created_by": null, "updated_by": null, "is_active": true, "deleted_at": null, "product": "0f9a9147-f86c-425e-b6c8-ee8b0c3f7bd9", "name": "100gm", "price_delta": "0.00", "is_default": true}}, {"model": "menu.productvariant", "pk": "71cd943b-950e-4bba-b921-d11d88d3e49d", "fields": {"created_at": "2026-03-25T22:29:11.906Z", "updated_at": "2026-03-25T22:29:11.906Z", "created_by": null, "updated_by": null, "is_active": true, "deleted_at": null, "product": "1abe4131-b335-450d-8532-d0ead52e6683", "name": "1kg", "price_delta": "430.00", "is_default": false}}, {"model": "menu.productvariant", "pk": "71d23071-babe-4141-9d17-4578d95a99c4", "fields": {"created_at": "2026-03-25T22:29:12.039Z", "updated_at": "2026-03-25T22:29:12.039Z", "created_by": null, "updated_by": null, "is_active": true, "deleted_at": null, "product": "ea3bd415-fb0f-4a00-8f84-e96648659b9f", "name": "500gm", "price_delta": "280.00", "is_default": false}}, {"model": "menu.productvariant", "pk": "74b0eec0-cfbd-4820-8cdf-c0cf98666baf", "fields": {"created_at": "2026-03-27T07:01:48.632Z", "updated_at": "2026-03-27T07:01:48.632Z", "created_by": null, "updated_by": null, "is_active": true, "deleted_at": null, "product": "36ad91d2-205d-4958-a921-da8e083a1e8b", "name": "100gm", "price_delta": "20.00", "is_default": false}}, {"model": "menu.productvariant", "pk": "76c1b014-ede5-4b0e-86e7-ad65d63571c8", "fields": {"created_at": "2026-03-25T22:29:11.851Z", "updated_at": "2026-03-25T22:29:11.851Z", "created_by": null, "updated_by": null, "is_active": true, "deleted_at": null, "product": "8b878d3e-2c3a-4d8b-af8b-090c605e0eaa", "name": "250gm", "price_delta": "60.00", "is_default": false}}, {"model": "menu.productvariant", "pk": "77e44544-9f6d-4bd1-b706-62bb8b0bf7c2", "fields": {"created_at": "2026-03-25T22:29:11.956Z", "updated_at": "2026-03-25T22:29:11.956Z", "created_by": null, "updated_by": null, "is_active": true, "deleted_at": null, "product": "04cbf9a7-9d30-420c-b1f9-ea4855e5c7da", "name": "100gm", "price_delta": "0.00", "is_default": true}}, {"model": "menu.productvariant", "pk": "7926054e-146e-40f1-8017-a0c8734bcc51", "fields": {"created_at": "2026-03-25T22:29:11.963Z", "updated_at": "2026-03-25T22:29:11.963Z", "created_by": null, "updated_by": null, "is_active": true, "deleted_at": null, "product": "87c0b8f0-63bb-47d5-be84-dd61a1b63fa0", "name": "100gm", "price_delta": "0.00", "is_default": true}}, {"model": "menu.productvariant", "pk": "7a528358-5ee7-44ad-babb-32155f9192ba", "fields": {"created_at": "2026-03-25T22:29:11.892Z", "updated_at": "2026-03-25T22:29:11.892Z", "created_by": null, "updated_by": null, "is_active": true, "deleted_at": null, "product": "35714131-e74f-43d6-ab21-11862e149028", "name": "1kg", "price_delta": "430.00", "is_default": false}}, {"model": "menu.productvariant", "pk": "7ba5d7b0-77d9-481b-8d5a-ed0f5c668e27", "fields": {"created_at": "2026-03-25T22:29:11.988Z", "updated_at": "2026-03-25T22:29:11.988Z", "created_by": null, "updated_by": null, "is_active": true, "deleted_at": null, "product": "85b66f4c-7a03-4afc-b7ad-ecdf28da9343", "name": "500gm", "price_delta": "225.00", "is_default": false}}, {"model": "menu.productvariant", "pk": "7cfa7998-edea-48be-a17d-afc4c35c92b4", "fields": {"created_at": "2026-03-25T22:29:11.958Z", "updated_at": "2026-03-25T22:29:11.958Z", "created_by": null, "updated_by": null, "is_active": true, "deleted_at": null, "product": "04cbf9a7-9d30-420c-b1f9-ea4855e5c7da", "name": "500gm", "price_delta": "200.00", "is_default": false}}, {"model": "menu.productvariant", "pk": "7d6905d9-003b-4cdb-a4fb-b6447ac68579", "fields": {"created_at": "2026-03-25T22:29:11.951Z", "updated_at": "2026-03-25T22:29:11.951Z", "created_by": null, "updated_by": null, "is_active": true, "deleted_at": null, "product": "d39c1090-576a-4856-9d84-d22735439b2c", "name": "100gm", "price_delta": "0.00", "is_default": true}}, {"model": "menu.productvariant", "pk": "7e6bed42-b821-40b1-bc02-13b4f66967c4", "fields": {"created_at": "2026-03-27T07:01:48.640Z", "updated_at": "2026-03-27T07:01:48.640Z", "created_by": null, "updated_by": null, "is_active": true, "deleted_at": null, "product": "36ad91d2-205d-4958-a921-da8e083a1e8b", "name": "250gm", "price_delta": "60.00", "is_default": false}}, {"model": "menu.productvariant", "pk": "81554352-a12e-454e-b338-b54e5b9d092d", "fields": {"created_at": "2026-03-25T22:29:11.878Z", "updated_at": "2026-03-25T22:29:11.879Z", "created_by": null, "updated_by": null, "is_active": true, "deleted_at": null, "product": "0f9a9147-f86c-425e-b6c8-ee8b0c3f7bd9", "name": "1kg", "price_delta": "430.00", "is_default": false}}, {"model": "menu.productvariant", "pk": "83bc331f-e66c-4ed2-a9f1-b33e9e73bf7c", "fields": {"created_at": "2026-03-25T22:29:11.953Z", "updated_at": "2026-03-25T22:29:11.953Z", "created_by": null, "updated_by": null, "is_active": true, "deleted_at": null, "product": "d39c1090-576a-4856-9d84-d22735439b2c", "name": "1kg", "price_delta": "450.00", "is_default": false}}, {"model": "menu.productvariant", "pk": "8a035100-1821-4dd3-b896-4bb8cbc4f596", "fields": {"created_at": "2026-03-27T19:16:05.760Z", "updated_at": "2026-03-27T19:16:05.760Z", "created_by": null, "updated_by": null, "is_active": true, "deleted_at": null, "product": "14a35417-73c2-4222-a16b-ec779bd3a41f", "name": "1kg", "price_delta": "360.00", "is_default": false}}, {"model": "menu.productvariant", "pk": "8c107bec-e653-4db9-b48e-16ede5331e14", "fields": {"created_at": "2026-03-25T22:29:11.910Z", "updated_at": "2026-03-25T22:29:11.910Z", "created_by": null, "updated_by": null, "is_active": true, "deleted_at": null, "product": "e3bd44f3-ef62-44f0-95d2-b6b1f6fb2932", "name": "250gm", "price_delta": "70.00", "is_default": false}}, {"model": "menu.productvariant", "pk": "8c2aa7a2-ecf4-49ed-8579-0e4980b53565", "fields": {"created_at": "2026-03-25T22:29:11.869Z", "updated_at": "2026-03-25T22:29:11.869Z", "created_by": null, "updated_by": null, "is_active": true, "deleted_at": null, "product": "8b2d8681-c25b-4425-8839-1bd5b7ba4132", "name": "250gm", "price_delta": "70.00", "is_default": false}}, {"model": "menu.productvariant", "pk": "8db67be0-791b-4f55-8b49-a9f2b1aeb14b", "fields": {"created_at": "2026-03-25T22:29:11.877Z", "updated_at": "2026-03-25T22:29:11.877Z", "created_by": null, "updated_by": null, "is_active": true, "deleted_at": null, "product": "0f9a9147-f86c-425e-b6c8-ee8b0c3f7bd9", "name": "500gm", "price_delta": "190.00", "is_default": false}}, {"model": "menu.productvariant", "pk": "8dda6f80-f18c-4c51-8382-07b3d3dc7908", "fields": {"created_at": "2026-03-25T22:29:11.859Z", "updated_at": "2026-03-25T22:29:11.859Z", "created_by": null, "updated_by": null, "is_active": true, "deleted_at": null, "product": "c83a21eb-6c06-472c-8efb-055e0ac62e6c", "name": "1kg", "price_delta": "390.00", "is_default": false}}, {"model": "menu.productvariant", "pk": "8e0dedf9-4e81-457f-ba09-fa3cca025ca0", "fields": {"created_at": "2026-03-27T19:16:05.756Z", "updated_at": "2026-03-27T19:16:05.756Z", "created_by": null, "updated_by": null, "is_active": true, "deleted_at": null, "product": "14a35417-73c2-4222-a16b-ec779bd3a41f", "name": "500gm", "price_delta": "180.00", "is_default": false}}, {"model": "menu.productvariant", "pk": "8e4a8f6e-8f66-4484-9dd6-dfda1af109c8", "fields": {"created_at": "2026-03-25T22:29:11.927Z", "updated_at": "2026-03-25T22:29:11.927Z", "created_by": null, "updated_by": null, "is_active": true, "deleted_at": null, "product": "c7cc99b4-014d-4644-a567-e0b72a42e8c8", "name": "100gm", "price_delta": "0.00", "is_default": true}}, {"model": "menu.productvariant", "pk": "8e5b21df-0479-4882-97a8-ec2a7c88b3fb", "fields": {"created_at": "2026-03-25T22:29:11.986Z", "updated_at": "2026-03-25T22:29:11.986Z", "created_by": null, "updated_by": null, "is_active": true, "deleted_at": null, "product": "85b66f4c-7a03-4afc-b7ad-ecdf28da9343", "name": "100gm", "price_delta": "0.00", "is_default": true}}, {"model": "menu.productvariant", "pk": "8ed39748-b792-4cad-896c-322d42053486", "fields": {"created_at": "2026-03-25T22:29:12.006Z", "updated_at": "2026-03-25T22:29:12.006Z", "created_by": null, "updated_by": null, "is_active": true, "deleted_at": null, "product": "5b9abd5b-5010-458b-b1af-2c7fb19328ce", "name": "100gm", "price_delta": "0.00", "is_default": true}}, {"model": "menu.productvariant", "pk": "8f0afdfc-67d5-4d6e-a7d6-f8e54f2a9c4b", "fields": {"created_at": "2026-03-25T22:29:11.921Z", "updated_at": "2026-03-25T22:29:11.921Z", "created_by": null, "updated_by": null, "is_active": true, "deleted_at": null, "product": "c90dc296-49a2-4ffe-add6-e47c900aaa85", "name": "100gm", "price_delta": "0.00", "is_default": true}}, {"model": "menu.productvariant", "pk": "9387d98c-e64b-41e6-bb35-a14cae5a7f30", "fields": {"created_at": "2026-03-25T22:29:11.990Z", "updated_at": "2026-03-25T22:29:11.990Z", "created_by": null, "updated_by": null, "is_active": true, "deleted_at": null, "product": "85b66f4c-7a03-4afc-b7ad-ecdf28da9343", "name": "1kg", "price_delta": "495.00", "is_default": false}}, {"model": "menu.productvariant", "pk": "93a34cfc-728e-4511-bd79-cd093617d031", "fields": {"created_at": "2026-03-25T22:29:11.971Z", "updated_at": "2026-03-25T22:29:11.971Z", "created_by": null, "updated_by": null, "is_active": true, "deleted_at": null, "product": "61957091-3bb0-4442-8a64-99157c012c00", "name": "1kg", "price_delta": "450.00", "is_default": false}}, {"model": "menu.productvariant", "pk": "97b4551c-148b-4f67-9eb3-04aa88041351", "fields": {"created_at": "2026-03-25T22:29:12.033Z", "updated_at": "2026-03-25T22:29:12.033Z", "created_by": null, "updated_by": null, "is_active": true, "deleted_at": null, "product": "87f50608-876c-4f63-aecc-9ecc71289bd3", "name": "500gm", "price_delta": "240.00", "is_default": false}}, {"model": "menu.productvariant", "pk": "97d46633-9d66-47e5-aaaf-681f3e5a671f", "fields": {"created_at": "2026-03-25T22:29:11.923Z", "updated_at": "2026-03-25T22:29:11.923Z", "created_by": null, "updated_by": null, "is_active": true, "deleted_at": null, "product": "c90dc296-49a2-4ffe-add6-e47c900aaa85", "name": "500gm", "price_delta": "190.00", "is_default": false}}, {"model": "menu.productvariant", "pk": "9af43fc7-d7b9-4375-8101-784d5eb0b4e0", "fields": {"created_at": "2026-03-25T22:29:11.957Z", "updated_at": "2026-03-25T22:29:11.957Z", "created_by": null, "updated_by": null, "is_active": true, "deleted_at": null, "product": "04cbf9a7-9d30-420c-b1f9-ea4855e5c7da", "name": "250gm", "price_delta": "80.00", "is_default": false}}, {"model": "menu.productvariant", "pk": "9bcf851f-6779-4b6d-9670-443064889467", "fields": {"created_at": "2026-03-25T09:39:19.389Z", "updated_at": "2026-03-25T20:03:25.928Z", "created_by": null, "updated_by": null, "is_active": true, "deleted_at": null, "product": "c3ffa884-1e17-4baf-99b9-d7cf85913d33", "name": "Regular", "price_delta": "0.00", "is_default": true}}, {"model": "menu.productvariant", "pk": "9fc586d3-2bc3-4b7a-b464-1d48ba577328", "fields": {"created_at": "2026-03-25T22:29:12.026Z", "updated_at": "2026-03-25T22:29:12.026Z", "created_by": null, "updated_by": null, "is_active": true, "deleted_at": null, "product": "a7b58c1b-b8bb-4910-88b4-fc5e247176c3", "name": "500gm", "price_delta": "240.00", "is_default": false}}, {"model": "menu.productvariant", "pk": "a16f2cda-776d-49ff-a058-c40dfeabe853", "fields": {"created_at": "2026-03-25T22:29:11.933Z", "updated_at": "2026-03-25T22:29:11.933Z", "created_by": null, "updated_by": null, "is_active": true, "deleted_at": null, "product": "b39e9050-2c0b-4899-93e2-b19fa1356daf", "name": "250gm", "price_delta": "80.00", "is_default": false}}, {"model": "menu.productvariant", "pk": "a3b86570-e3f1-412b-b583-ccfc4119aa10", "fields": {"created_at": "2026-03-25T22:29:12.007Z", "updated_at": "2026-03-25T22:29:12.007Z", "created_by": null, "updated_by": null, "is_active": true, "deleted_at": null, "product": "5b9abd5b-5010-458b-b1af-2c7fb19328ce", "name": "250gm", "price_delta": "90.00", "is_default": false}}, {"model": "menu.productvariant", "pk": "a577e52a-fdd1-4b60-8758-9b28ca460dc9", "fields": {"created_at": "2026-03-25T09:39:19.423Z", "updated_at": "2026-03-25T09:39:19.423Z", "created_by": null, "updated_by": null, "is_active": true, "deleted_at": null, "product": "ed8b59ee-ec04-468a-950a-24c3044fb5ce", "name": "Regular", "price_delta": "0.00", "is_default": true}}, {"model": "menu.productvariant", "pk": "a58024e1-d6d0-4353-943e-7a4b3f4e0c59", "fields": {"created_at": "2026-03-25T22:29:11.872Z", "updated_at": "2026-03-25T22:29:11.872Z", "created_by": null, "updated_by": null, "is_active": true, "deleted_at": null, "product": "8b2d8681-c25b-4425-8839-1bd5b7ba4132", "name": "1kg", "price_delta": "430.00", "is_default": false}}, {"model": "menu.productvariant", "pk": "a7d170c6-ce6d-4fbb-92f4-ab7bd13c8a95", "fields": {"created_at": "2026-03-25T22:27:59.053Z", "updated_at": "2026-03-25T22:27:59.053Z", "created_by": null, "updated_by": null, "is_active": true, "deleted_at": null, "product": "d7ec501f-6995-4566-9338-fab026b55d2a", "name": "250gms", "price_delta": "90.00", "is_default": false}}, {"model": "menu.productvariant", "pk": "a9425581-223c-4a99-9c5e-ee72884c406d", "fields": {"created_at": "2026-03-25T22:29:11.891Z", "updated_at": "2026-03-25T22:29:11.891Z", "created_by": null, "updated_by": null, "is_active": true, "deleted_at": null, "product": "35714131-e74f-43d6-ab21-11862e149028", "name": "500gm", "price_delta": "190.00", "is_default": false}}, {"model": "menu.productvariant", "pk": "ab18b47e-81c5-4c66-bd85-843fc8ef4de1", "fields": {"created_at": "2026-03-25T22:29:12.015Z", "updated_at": "2026-03-25T22:29:12.015Z", "created_by": null, "updated_by": null, "is_active": true, "deleted_at": null, "product": "c87ac5f8-636e-4db4-84bb-7d1e0b8f44a3", "name": "500gm", "price_delta": "240.00", "is_default": false}}, {"model": "menu.productvariant", "pk": "acdb794a-6763-4667-97f5-d0a5e02af1e0", "fields": {"created_at": "2026-03-25T22:29:11.917Z", "updated_at": "2026-03-25T22:29:11.917Z", "created_by": null, "updated_by": null, "is_active": true, "deleted_at": null, "product": "fca2c20e-174d-4abc-aab3-c480142334ac", "name": "500gm", "price_delta": "190.00", "is_default": false}}, {"model": "menu.productvariant", "pk": "ad990dbf-a40f-4669-9694-4e4d02a17d66", "fields": {"created_at": "2026-03-25T09:39:19.459Z", "updated_at": "2026-03-25T09:39:19.459Z", "created_by": null, "updated_by": null, "is_active": true, "deleted_at": null, "product": "cf7ff8e7-b346-4c91-88f1-4f47abc9398b", "name": "Regular", "price_delta": "0.00", "is_default": true}}, {"model": "menu.productvariant", "pk": "ad9fa4bc-ba51-4fed-be16-a1e64fbc807f", "fields": {"created_at": "2026-03-25T22:29:11.858Z", "updated_at": "2026-03-25T22:29:11.858Z", "created_by": null, "updated_by": null, "is_active": true, "deleted_at": null, "product": "c83a21eb-6c06-472c-8efb-055e0ac62e6c", "name": "500gm", "price_delta": "170.00", "is_default": false}}, {"model": "menu.productvariant", "pk": "b0da7db9-304f-4028-aca5-a962fbf646a0", "fields": {"created_at": "2026-03-25T22:29:12.051Z", "updated_at": "2026-03-25T22:29:12.051Z", "created_by": null, "updated_by": null, "is_active": true, "deleted_at": null, "product": "7cd34f45-6c82-4fa9-b106-5f86a058e10e", "name": "250gm", "price_delta": "120.00", "is_default": false}}, {"model": "menu.productvariant", "pk": "b2a01839-2841-45c9-9688-c15a4e0557e0", "fields": {"created_at": "2026-03-25T22:29:12.018Z", "updated_at": "2026-03-25T22:29:12.018Z", "created_by": null, "updated_by": null, "is_active": true, "deleted_at": null, "product": "548f1549-2157-4e50-9565-ef03ecb0d8d2", "name": "100gm", "price_delta": "0.00", "is_default": true}}, {"model": "menu.productvariant", "pk": "b45b2745-181b-4a6a-b17f-7eb46353c755", "fields": {"created_at": "2026-03-25T22:29:11.890Z", "updated_at": "2026-03-25T22:29:11.890Z", "created_by": null, "updated_by": null, "is_active": true, "deleted_at": null, "product": "35714131-e74f-43d6-ab21-11862e149028", "name": "250gm", "price_delta": "70.00", "is_default": false}}, {"model": "menu.productvariant", "pk": "b7830e84-b0ed-4c07-8d5f-0711ce88d0e9", "fields": {"created_at": "2026-03-25T22:29:12.044Z", "updated_at": "2026-03-25T22:29:12.044Z", "created_by": null, "updated_by": null, "is_active": true, "deleted_at": null, "product": "740cac23-4f97-4475-8c1b-e8f5ad57c42f", "name": "250gm", "price_delta": "110.00", "is_default": false}}, {"model": "menu.productvariant", "pk": "b7e2fb37-2cfc-491f-9962-53caed1cbe35", "fields": {"created_at": "2026-03-25T22:29:11.904Z", "updated_at": "2026-03-25T22:29:11.904Z", "created_by": null, "updated_by": null, "is_active": true, "deleted_at": null, "product": "1abe4131-b335-450d-8532-d0ead52e6683", "name": "250gm", "price_delta": "70.00", "is_default": false}}, {"model": "menu.productvariant", "pk": "b86da3c9-3e63-45f2-8592-bc02fcbe8d02", "fields": {"created_at": "2026-03-25T22:29:11.864Z", "updated_at": "2026-03-25T22:29:11.864Z", "created_by": null, "updated_by": null, "is_active": true, "deleted_at": null, "product": "601c0da9-8210-4c5f-88cf-eaeb6028f2ae", "name": "500gm", "price_delta": "190.00", "is_default": false}}, {"model": "menu.productvariant", "pk": "b943675d-03b7-40de-a9b9-41ff5024e2eb", "fields": {"created_at": "2026-03-27T19:16:05.752Z", "updated_at": "2026-03-27T19:16:05.752Z", "created_by": null, "updated_by": null, "is_active": true, "deleted_at": null, "product": "14a35417-73c2-4222-a16b-ec779bd3a41f", "name": "250gm", "price_delta": "90.00", "is_default": false}}, {"model": "menu.productvariant", "pk": "ba0db4ac-a584-404c-893d-c481fbc94006", "fields": {"created_at": "2026-03-25T22:29:11.835Z", "updated_at": "2026-03-25T22:29:11.835Z", "created_by": null, "updated_by": null, "is_active": true, "deleted_at": null, "product": "b95f6fd4-3225-4e7e-bc75-0e21edc375d3", "name": "1kg", "price_delta": "355.00", "is_default": false}}, {"model": "menu.productvariant", "pk": "ba1c7be8-5233-4ba6-af84-e848d320ace1", "fields": {"created_at": "2026-03-25T22:29:11.903Z", "updated_at": "2026-03-25T22:29:11.903Z", "created_by": null, "updated_by": null, "is_active": true, "deleted_at": null, "product": "1abe4131-b335-450d-8532-d0ead52e6683", "name": "100gm", "price_delta": "0.00", "is_default": true}}, {"model": "menu.productvariant", "pk": "bad45c6a-2364-4006-aa09-2678234ae1b8", "fields": {"created_at": "2026-03-25T22:29:11.911Z", "updated_at": "2026-03-25T22:29:11.911Z", "created_by": null, "updated_by": null, "is_active": true, "deleted_at": null, "product": "e3bd44f3-ef62-44f0-95d2-b6b1f6fb2932", "name": "1kg", "price_delta": "430.00", "is_default": false}}, {"model": "menu.productvariant", "pk": "bd270ccb-b73e-4dc6-97a9-8f84d792f4e9", "fields": {"created_at": "2026-03-25T22:29:11.918Z", "updated_at": "2026-03-25T22:29:11.918Z", "created_by": null, "updated_by": null, "is_active": true, "deleted_at": null, "product": "fca2c20e-174d-4abc-aab3-c480142334ac", "name": "1kg", "price_delta": "430.00", "is_default": false}}, {"model": "menu.productvariant", "pk": "bd41c32d-0bfb-4d3c-993b-75474bfa96f9", "fields": {"created_at": "2026-03-25T22:29:11.909Z", "updated_at": "2026-03-25T22:29:11.909Z", "created_by": null, "updated_by": null, "is_active": true, "deleted_at": null, "product": "e3bd44f3-ef62-44f0-95d2-b6b1f6fb2932", "name": "100gm", "price_delta": "0.00", "is_default": true}}, {"model": "menu.productvariant", "pk": "c1e0310c-bab6-486e-b06b-9a9120a9da39", "fields": {"created_at": "2026-03-25T22:29:11.981Z", "updated_at": "2026-03-25T22:29:11.981Z", "created_by": null, "updated_by": null, "is_active": true, "deleted_at": null, "product": "1fea0762-e233-469c-a857-f41497c776eb", "name": "250gm", "price_delta": "80.00", "is_default": false}}, {"model": "menu.productvariant", "pk": "c5aa99bb-e4a5-4b19-99a5-20a1ce843b9a", "fields": {"created_at": "2026-03-25T22:29:11.905Z", "updated_at": "2026-03-25T22:29:11.905Z", "created_by": null, "updated_by": null, "is_active": true, "deleted_at": null, "product": "1abe4131-b335-450d-8532-d0ead52e6683", "name": "500gm", "price_delta": "190.00", "is_default": false}}, {"model": "menu.productvariant", "pk": "c7e35b37-8b7b-4d78-8612-ac9c1902fd3f", "fields": {"created_at": "2026-03-25T22:29:11.935Z", "updated_at": "2026-03-25T22:29:11.935Z", "created_by": null, "updated_by": null, "is_active": true, "deleted_at": null, "product": "b39e9050-2c0b-4899-93e2-b19fa1356daf", "name": "1kg", "price_delta": "450.00", "is_default": false}}, {"model": "menu.productvariant", "pk": "c8980a39-bfac-48e0-ab9a-36855aa90c45", "fields": {"created_at": "2026-03-25T22:29:11.929Z", "updated_at": "2026-03-25T22:29:11.929Z", "created_by": null, "updated_by": null, "is_active": true, "deleted_at": null, "product": "c7cc99b4-014d-4644-a567-e0b72a42e8c8", "name": "500gm", "price_delta": "200.00", "is_default": false}}, {"model": "menu.productvariant", "pk": "c9d28eb6-f5fc-43ec-be0d-fb219f4e3253", "fields": {"created_at": "2026-03-25T22:29:11.916Z", "updated_at": "2026-03-25T22:29:11.916Z", "created_by": null, "updated_by": null, "is_active": true, "deleted_at": null, "product": "fca2c20e-174d-4abc-aab3-c480142334ac", "name": "250gm", "price_delta": "70.00", "is_default": false}}, {"model": "menu.productvariant", "pk": "cb24e016-e63d-4883-adfb-b654d01a0e10", "fields": {"created_at": "2026-03-27T07:01:48.655Z", "updated_at": "2026-03-27T07:01:48.655Z", "created_by": null, "updated_by": null, "is_active": true, "deleted_at": null, "product": "36ad91d2-205d-4958-a921-da8e083a1e8b", "name": "1kg", "price_delta": "200.00", "is_default": false}}, {"model": "menu.productvariant", "pk": "cb8d0f86-b01f-4456-8a62-451b8f404679", "fields": {"created_at": "2026-03-25T22:29:12.019Z", "updated_at": "2026-03-25T22:29:12.019Z", "created_by": null, "updated_by": null, "is_active": true, "deleted_at": null, "product": "548f1549-2157-4e50-9565-ef03ecb0d8d2", "name": "250gm", "price_delta": "90.00", "is_default": false}}, {"model": "menu.productvariant", "pk": "cc342916-101e-465e-946b-b97ab6daa223", "fields": {"created_at": "2026-03-25T09:39:19.439Z", "updated_at": "2026-03-25T09:39:19.439Z", "created_by": null, "updated_by": null, "is_active": true, "deleted_at": null, "product": "55352878-97b6-4e88-8321-4e18844e3658", "name": "Regular", "price_delta": "0.00", "is_default": true}}, {"model": "menu.productvariant", "pk": "cf9fcdab-6bef-470a-aa06-8cceea10a22d", "fields": {"created_at": "2026-03-25T22:29:11.942Z", "updated_at": "2026-03-25T22:29:11.942Z", "created_by": null, "updated_by": null, "is_active": true, "deleted_at": null, "product": "9abd564d-297d-45cd-8b98-1bbb55fa93ef", "name": "1kg", "price_delta": "450.00", "is_default": false}}, {"model": "menu.productvariant", "pk": "d01245cd-3ea4-4da0-aed7-d6274c76a6a4", "fields": {"created_at": "2026-03-25T22:29:12.045Z", "updated_at": "2026-03-25T22:29:12.045Z", "created_by": null, "updated_by": null, "is_active": true, "deleted_at": null, "product": "740cac23-4f97-4475-8c1b-e8f5ad57c42f", "name": "500gm", "price_delta": "280.00", "is_default": false}}, {"model": "menu.productvariant", "pk": "d0551c9c-9aa7-47b7-bdd2-5528430dee43", "fields": {"created_at": "2026-03-25T22:29:11.850Z", "updated_at": "2026-03-25T22:29:11.850Z", "created_by": null, "updated_by": null, "is_active": true, "deleted_at": null, "product": "8b878d3e-2c3a-4d8b-af8b-090c605e0eaa", "name": "100gm", "price_delta": "0.00", "is_default": true}}, {"model": "menu.productvariant", "pk": "d3b98f55-4ea4-497c-a50c-bef438f24b48", "fields": {"created_at": "2026-03-25T22:29:11.969Z", "updated_at": "2026-03-25T22:29:11.969Z", "created_by": null, "updated_by": null, "is_active": true, "deleted_at": null, "product": "61957091-3bb0-4442-8a64-99157c012c00", "name": "250gm", "price_delta": "80.00", "is_default": false}}, {"model": "menu.productvariant", "pk": "d3d63500-da00-46c8-b260-7885d7b9f6d6", "fields": {"created_at": "2026-03-25T22:29:11.980Z", "updated_at": "2026-03-25T22:29:11.980Z", "created_by": null, "updated_by": null, "is_active": true, "deleted_at": null, "product": "1fea0762-e233-469c-a857-f41497c776eb", "name": "100gm", "price_delta": "0.00", "is_default": true}}, {"model": "menu.productvariant", "pk": "d441af33-4ff4-4530-a80f-076e80fe3d84", "fields": {"created_at": "2026-03-25T22:29:11.987Z", "updated_at": "2026-03-25T22:29:11.987Z", "created_by": null, "updated_by": null, "is_active": true, "deleted_at": null, "product": "85b66f4c-7a03-4afc-b7ad-ecdf28da9343", "name": "250gm", "price_delta": "85.00", "is_default": false}}, {"model": "menu.productvariant", "pk": "d626fd27-6ebc-4c4e-ab51-53b767cfb2cb", "fields": {"created_at": "2026-03-25T22:27:59.049Z", "updated_at": "2026-03-25T22:27:59.049Z", "created_by": null, "updated_by": null, "is_active": true, "deleted_at": null, "product": "d7ec501f-6995-4566-9338-fab026b55d2a", "name": "100gm", "price_delta": "40.00", "is_default": false}}, {"model": "menu.productvariant", "pk": "d85b32a3-8636-4ceb-9866-dd6cb73bb328", "fields": {"created_at": "2026-03-25T22:29:11.964Z", "updated_at": "2026-03-25T22:29:11.964Z", "created_by": null, "updated_by": null, "is_active": true, "deleted_at": null, "product": "87c0b8f0-63bb-47d5-be84-dd61a1b63fa0", "name": "250gm", "price_delta": "80.00", "is_default": false}}, {"model": "menu.productvariant", "pk": "d874f01b-770e-4c74-a89d-916e1985560e", "fields": {"created_at": "2026-03-25T22:29:12.050Z", "updated_at": "2026-03-25T22:29:12.050Z", "created_by": null, "updated_by": null, "is_active": true, "deleted_at": null, "product": "7cd34f45-6c82-4fa9-b106-5f86a058e10e", "name": "100gm", "price_delta": "0.00", "is_default": true}}, {"model": "menu.productvariant", "pk": "d9178a92-ccaf-4c8a-b76b-13d76a2e2b06", "fields": {"created_at": "2026-03-25T22:29:11.845Z", "updated_at": "2026-03-25T22:29:11.845Z", "created_by": null, "updated_by": null, "is_active": true, "deleted_at": null, "product": "1104c630-31cd-4fb5-a697-7eb2be03f5b8", "name": "250gm", "price_delta": "55.00", "is_default": false}}, {"model": "menu.productvariant", "pk": "da05e719-eef5-4f28-9044-9e92e829556a", "fields": {"created_at": "2026-03-25T09:39:19.396Z", "updated_at": "2026-03-25T20:03:30.379Z", "created_by": null, "updated_by": null, "is_active": true, "deleted_at": null, "product": "5b89cf0f-66d3-49a6-8a4f-1335920abec2", "name": "Regular", "price_delta": "0.00", "is_default": true}}, {"model": "menu.productvariant", "pk": "dabf939b-5588-413e-ae3b-e9e69b32c60b", "fields": {"created_at": "2026-03-25T22:29:12.028Z", "updated_at": "2026-03-25T22:29:12.028Z", "created_by": null, "updated_by": null, "is_active": true, "deleted_at": null, "product": "a7b58c1b-b8bb-4910-88b4-fc5e247176c3", "name": "1kg", "price_delta": "540.00", "is_default": false}}, {"model": "menu.productvariant", "pk": "dd30f0f8-0009-4f0c-954f-7828cf9f82ed", "fields": {"created_at": "2026-03-25T22:29:11.884Z", "updated_at": "2026-03-25T22:29:11.884Z", "created_by": null, "updated_by": null, "is_active": true, "deleted_at": null, "product": "cd6149e6-5406-46c9-8117-eefc2cbe55a8", "name": "500gm", "price_delta": "190.00", "is_default": false}}, {"model": "menu.productvariant", "pk": "de35be84-0d1f-490f-b02a-a1ca3279fc75", "fields": {"created_at": "2026-03-25T22:29:11.846Z", "updated_at": "2026-03-25T22:29:11.846Z", "created_by": null, "updated_by": null, "is_active": true, "deleted_at": null, "product": "1104c630-31cd-4fb5-a697-7eb2be03f5b8", "name": "500gm", "price_delta": "155.00", "is_default": false}}, {"model": "menu.productvariant", "pk": "e312812a-2179-48d5-a183-ba2375c29709", "fields": {"created_at": "2026-03-25T22:29:11.968Z", "updated_at": "2026-03-25T22:29:11.968Z", "created_by": null, "updated_by": null, "is_active": true, "deleted_at": null, "product": "61957091-3bb0-4442-8a64-99157c012c00", "name": "100gm", "price_delta": "0.00", "is_default": true}}, {"model": "menu.productvariant", "pk": "e3170f73-2dfa-44f4-a6e8-3cdd40ffbc2a", "fields": {"created_at": "2026-03-25T22:29:11.930Z", "updated_at": "2026-03-25T22:29:11.930Z", "created_by": null, "updated_by": null, "is_active": true, "deleted_at": null, "product": "c7cc99b4-014d-4644-a567-e0b72a42e8c8", "name": "1kg", "price_delta": "450.00", "is_default": false}}, {"model": "menu.productvariant", "pk": "e4c3cd11-9154-487e-b529-77c0fd1c2755", "fields": {"created_at": "2026-03-25T22:29:12.014Z", "updated_at": "2026-03-25T22:29:12.014Z", "created_by": null, "updated_by": null, "is_active": true, "deleted_at": null, "product": "c87ac5f8-636e-4db4-84bb-7d1e0b8f44a3", "name": "250gm", "price_delta": "90.00", "is_default": false}}, {"model": "menu.productvariant", "pk": "e76c21ea-5abc-417c-8933-a5a555ebf52c", "fields": {"created_at": "2026-03-25T22:29:11.839Z", "updated_at": "2026-03-25T22:29:11.839Z", "created_by": null, "updated_by": null, "is_active": true, "deleted_at": null, "product": "e8d8a855-1fb1-4a76-9242-a70420f58b5c", "name": "250gm", "price_delta": "55.00", "is_default": false}}, {"model": "menu.productvariant", "pk": "e9a18c6f-206b-429d-bed9-e0cd3b3fd59d", "fields": {"created_at": "2026-03-25T09:39:19.402Z", "updated_at": "2026-03-25T09:39:19.402Z", "created_by": null, "updated_by": null, "is_active": true, "deleted_at": null, "product": "ff6dd1b2-6f6c-486f-9fef-ded00bfbf961", "name": "Regular", "price_delta": "0.00", "is_default": true}}, {"model": "menu.productvariant", "pk": "ec635ebe-2ddd-4cc4-9c08-71919b146dc1", "fields": {"created_at": "2026-03-25T22:29:11.832Z", "updated_at": "2026-03-25T22:29:11.832Z", "created_by": null, "updated_by": null, "is_active": true, "deleted_at": null, "product": "b95f6fd4-3225-4e7e-bc75-0e21edc375d3", "name": "100gm", "price_delta": "0.00", "is_default": true}}, {"model": "menu.productvariant", "pk": "ed75da5c-edc6-4ce5-a65e-01aeb199e931", "fields": {"created_at": "2026-03-25T22:29:11.853Z", "updated_at": "2026-03-25T22:29:11.853Z", "created_by": null, "updated_by": null, "is_active": true, "deleted_at": null, "product": "8b878d3e-2c3a-4d8b-af8b-090c605e0eaa", "name": "1kg", "price_delta": "390.00", "is_default": false}}, {"model": "menu.productvariant", "pk": "ef8a4914-be8e-4973-8e54-e2b72b7b0f23", "fields": {"created_at": "2026-03-27T07:01:48.650Z", "updated_at": "2026-03-27T07:01:48.650Z", "created_by": null, "updated_by": null, "is_active": true, "deleted_at": null, "product": "36ad91d2-205d-4958-a921-da8e083a1e8b", "name": "500gm", "price_delta": "100.00", "is_default": true}}, {"model": "menu.productvariant", "pk": "f380ed05-9601-4c13-b939-7f65728d80e7", "fields": {"created_at": "2026-03-25T22:29:12.031Z", "updated_at": "2026-03-25T22:29:12.031Z", "created_by": null, "updated_by": null, "is_active": true, "deleted_at": null, "product": "87f50608-876c-4f63-aecc-9ecc71289bd3", "name": "100gm", "price_delta": "0.00", "is_default": true}}, {"model": "menu.productvariant", "pk": "f5c03f8e-154b-4646-8ee6-19e8c25f65fb", "fields": {"created_at": "2026-03-25T22:29:12.021Z", "updated_at": "2026-03-25T22:29:12.021Z", "created_by": null, "updated_by": null, "is_active": true, "deleted_at": null, "product": "548f1549-2157-4e50-9565-ef03ecb0d8d2", "name": "1kg", "price_delta": "540.00", "is_default": false}}, {"model": "menu.productvariant", "pk": "f76004fe-a883-409e-bb5a-87ea3a641535", "fields": {"created_at": "2026-03-25T22:29:11.882Z", "updated_at": "2026-03-25T22:29:11.882Z", "created_by": null, "updated_by": null, "is_active": true, "deleted_at": null, "product": "cd6149e6-5406-46c9-8117-eefc2cbe55a8", "name": "100gm", "price_delta": "0.00", "is_default": true}}, {"model": "menu.productvariant", "pk": "ff7c5b67-bcc2-49d5-b94c-3e3b45ef300b", "fields": {"created_at": "2026-03-25T22:29:11.939Z", "updated_at": "2026-03-25T22:29:11.939Z", "created_by": null, "updated_by": null, "is_active": true, "deleted_at": null, "product": "9abd564d-297d-45cd-8b98-1bbb55fa93ef", "name": "100gm", "price_delta": "0.00", "is_default": true}}, {"model": "menu.modifiergroup", "pk": "f08d5d62-4f85-47bd-ac56-5121b730d6ba", "fields": {"created_at": "2026-03-25T09:39:19.463Z", "updated_at": "2026-03-25T09:39:19.463Z", "created_by": null, "updated_by": null, "is_active": true, "deleted_at": null, "name": "Add-ons", "min_select": 0, "max_select": 3, "is_required": false, "product": []}}, {"model": "menu.modifier", "pk": "32cc9a6e-ee7b-420f-979d-ad96cd5abec8", "fields": {"created_at": "2026-03-25T09:39:19.470Z", "updated_at": "2026-03-25T09:39:19.470Z", "created_by": null, "updated_by": null, "is_active": true, "deleted_at": null, "group": "f08d5d62-4f85-47bd-ac56-5121b730d6ba", "name": "Extra Cashews", "price_delta": "30.00", "is_default": false}}, {"model": "menu.modifier", "pk": "54d0fcb5-697a-47ef-8703-5ae83b6a7633", "fields": {"created_at": "2026-03-25T09:39:19.477Z", "updated_at": "2026-03-25T09:39:19.477Z", "created_by": null, "updated_by": null, "is_active": true, "deleted_at": null, "group": "f08d5d62-4f85-47bd-ac56-5121b730d6ba", "name": "Whipped Cream", "price_delta": "25.00", "is_default": false}}, {"model": "menu.modifier", "pk": "77a11ee5-a35e-4f61-9d74-0ec1a658741a", "fields": {"created_at": "2026-03-25T09:39:19.473Z", "updated_at": "2026-03-25T09:39:19.473Z", "created_by": null, "updated_by": null, "is_active": true, "deleted_at": null, "group": "f08d5d62-4f85-47bd-ac56-5121b730d6ba", "name": "Extra Chocolate Sauce", "price_delta": "20.00", "is_default": false}}, {"model": "menu.aiimagegenerationcost", "pk": "1f08c71f-fd34-46a8-ba95-90687b0a82eb", "fields": {"created_at": "2026-03-25T23:32:38.659Z", "updated_at": "2026-03-25T23:32:38.659Z", "created_by": null, "updated_by": null, "is_active": true, "deleted_at": null, "product": "b95f6fd4-3225-4e7e-bc75-0e21edc375d3", "provider": "huggingface", "model_name": "unknown", "prompt": "", "image_url": "", "image_path": "", "image_size": "1024x1024", "status": "failed", "error_message": "410 Client Error: Gone for url: https://api-inference.huggingface.co/models/black-forest-labs/FLUX.1-schnell", "cost_per_image": "1.15", "total_cost": "0.00", "generation_time_seconds": "0.42", "request_metadata": "{}"}}, {"model": "menu.aiimagegenerationcost", "pk": "363f44aa-6789-4996-bbf4-b9c9f2acbb30", "fields": {"created_at": "2026-03-25T23:33:23.125Z", "updated_at": "2026-03-25T23:33:23.125Z", "created_by": null, "updated_by": null, "is_active": true, "deleted_at": null, "product": "14a35417-73c2-4222-a16b-ec779bd3a41f", "provider": "huggingface", "model_name": "unknown", "prompt": "", "image_url": "", "image_path": "", "image_size": "1024x1024", "status": "failed", "error_message": "410 Client Error: Gone for url: https://api-inference.huggingface.co/models/stabilityai/stable-diffusion-xl-base-1.0", "cost_per_image": "1.15", "total_cost": "0.00", "generation_time_seconds": "0.43", "request_metadata": "{}"}}, {"model": "menu.aiimagegenerationcost", "pk": "411e6764-231a-4783-89d5-28b8359142ed", "fields": {"created_at": "2026-03-25T23:33:54.172Z", "updated_at": "2026-03-25T23:33:54.172Z", "created_by": null, "updated_by": null, "is_active": true, "deleted_at": null, "product": "14a35417-73c2-4222-a16b-ec779bd3a41f", "provider": "huggingface", "model_name": "unknown", "prompt": "", "image_url": "", "image_path": "", "image_size": "1024x1024", "status": "failed", "error_message": "410 Client Error: Gone for url: https://api-inference.huggingface.co/models/CompVis/stable-diffusion-v1-4", "cost_per_image": "1.15", "total_cost": "0.00", "generation_time_seconds": "0.44", "request_metadata": "{}"}}, {"model": "menu.aiimagegenerationcost", "pk": "654f3314-600d-4d2f-91e4-d78411d32178", "fields": {"created_at": "2026-03-25T23:32:44.090Z", "updated_at": "2026-03-25T23:32:44.090Z", "created_by": null, "updated_by": null, "is_active": true, "deleted_at": null, "product": "e8d8a855-1fb1-4a76-9242-a70420f58b5c", "provider": "huggingface", "model_name": "unknown", "prompt": "", "image_url": "", "image_path": "", "image_size": "1024x1024", "status": "failed", "error_message": "410 Client Error: Gone for url: https://api-inference.huggingface.co/models/black-forest-labs/FLUX.1-schnell", "cost_per_image": "1.15", "total_cost": "0.00", "generation_time_seconds": "0.42", "request_metadata": "{}"}}, {"model": "menu.aiimagegenerationcost", "pk": "71772978-0f4e-49d5-ae1b-2f57e98d8710", "fields": {"created_at": "2026-03-25T23:32:33.229Z", "updated_at": "2026-03-25T23:32:33.229Z", "created_by": null, "updated_by": null, "is_active": true, "deleted_at": null, "product": "14a35417-73c2-4222-a16b-ec779bd3a41f", "provider": "huggingface", "model_name": "unknown", "prompt": "", "image_url": "", "image_path": "", "image_size": "1024x1024", "status": "failed", "error_message": "410 Client Error: Gone for url: https://api-inference.huggingface.co/models/black-forest-labs/FLUX.1-schnell", "cost_per_image": "1.15", "total_cost": "0.00", "generation_time_seconds": "0.42", "request_metadata": "{}"}}, {"model": "menu.aiimagegenerationcost", "pk": "763841a9-0183-4436-956d-bb149668bc08", "fields": {"created_at": "2026-03-25T23:31:29.063Z", "updated_at": "2026-03-25T23:31:29.063Z", "created_by": null, "updated_by": null, "is_active": true, "deleted_at": null, "product": "e8d8a855-1fb1-4a76-9242-a70420f58b5c", "provider": "huggingface", "model_name": "unknown", "prompt": "", "image_url": "", "image_path": "", "image_size": "1024x1024", "status": "failed", "error_message": "Hugging Face API key not configured", "cost_per_image": "1.15", "total_cost": "0.00", "generation_time_seconds": "0.00", "request_metadata": "{}"}}, {"model": "menu.aiimagegenerationcost", "pk": "937e13cc-3c0d-495a-8347-da1f7a851167", "fields": {"created_at": "2026-03-25T23:31:26.057Z", "updated_at": "2026-03-25T23:31:26.057Z", "created_by": null, "updated_by": null, "is_active": true, "deleted_at": null, "product": "b95f6fd4-3225-4e7e-bc75-0e21edc375d3", "provider": "huggingface", "model_name": "unknown", "prompt": "", "image_url": "", "image_path": "", "image_size": "1024x1024", "status": "failed", "error_message": "Hugging Face API key not configured", "cost_per_image": "1.15", "total_cost": "0.00", "generation_time_seconds": "0.00", "request_metadata": "{}"}}, {"model": "menu.aiimagegenerationcost", "pk": "9deadda0-8bc3-4ce7-8a87-3bcf1c8fecfc", "fields": {"created_at": "2026-03-25T23:33:42.640Z", "updated_at": "2026-03-25T23:33:42.640Z", "created_by": null, "updated_by": null, "is_active": true, "deleted_at": null, "product": "14a35417-73c2-4222-a16b-ec779bd3a41f", "provider": "huggingface", "model_name": "unknown", "prompt": "", "image_url": "", "image_path": "", "image_size": "1024x1024", "status": "failed", "error_message": "410 Client Error: Gone for url: https://api-inference.huggingface.co/models/runwayml/stable-diffusion-v1-5", "cost_per_image": "1.15", "total_cost": "0.00", "generation_time_seconds": "0.43", "request_metadata": "{}"}}, {"model": "menu.aiimagegenerationcost", "pk": "bc6bbacc-2c8a-46ac-acbb-617ae7993840", "fields": {"created_at": "2026-03-25T23:31:23.050Z", "updated_at": "2026-03-25T23:31:23.050Z", "created_by": null, "updated_by": null, "is_active": true, "deleted_at": null, "product": "14a35417-73c2-4222-a16b-ec779bd3a41f", "provider": "huggingface", "model_name": "unknown", "prompt": "", "image_url": "", "image_path": "", "image_size": "1024x1024", "status": "failed", "error_message": "Hugging Face API key not configured", "cost_per_image": "1.15", "total_cost": "0.00", "generation_time_seconds": "0.00", "request_metadata": "{}"}}, {"model": "menu.aiimagegenerationcost", "pk": "cc92b5b1-793c-4249-98f0-77b8b906f167", "fields": {"created_at": "2026-03-25T23:34:05.673Z", "updated_at": "2026-03-25T23:34:05.673Z", "created_by": null, "updated_by": null, "is_active": true, "deleted_at": null, "product": "14a35417-73c2-4222-a16b-ec779bd3a41f", "provider": "huggingface", "model_name": "unknown", "prompt": "", "image_url": "", "image_path": "", "image_size": "1024x1024", "status": "failed", "error_message": "410 Client Error: Gone for url: https://api-inference.huggingface.co/models/dreamlike-art/dreamlike-photoreal-2.0", "cost_per_image": "1.15", "total_cost": "0.00", "generation_time_seconds": "0.42", "request_metadata": "{}"}}, {"model": "inventory.stockitem", "pk": "0d2d4ca9-c8bd-4461-b1ff-032291af23ee", "fields": {"created_at": "2026-03-27T19:16:14.066Z", "updated_at": "2026-03-27T19:16:14.066Z", "created_by": null, "updated_by": null, "is_active": true, "deleted_at": null, "product": "26f6c794-601e-459f-b271-dfa0a6659295", "variant": null, "outlet": "6576000e-f3c2-4081-81e7-56bd0fc19d9a", "quantity": "500.00", "min_threshold": "5.00"}}, {"model": "inventory.stockitem", "pk": "0f2cf14f-9711-4933-be9b-5657da59f2f5", "fields": {"created_at": "2026-03-27T19:16:14.153Z", "updated_at": "2026-03-27T19:16:14.153Z", "created_by": null, "updated_by": null, "is_active": true, "deleted_at": null, "product": "354dced0-f98c-4bcf-8049-04b27e737d4a", "variant": null, "outlet": "6576000e-f3c2-4081-81e7-56bd0fc19d9a", "quantity": "500.00", "min_threshold": "5.00"}}, {"model": "inventory.stockitem", "pk": "172fc113-0171-499d-a615-8a1115b2cf27", "fields": {"created_at": "2026-03-27T19:16:14.126Z", "updated_at": "2026-03-27T19:16:14.126Z", "created_by": null, "updated_by": null, "is_active": true, "deleted_at": null, "product": "8cc324ed-cca5-405a-b910-c7b6c2787767", "variant": null, "outlet": "6576000e-f3c2-4081-81e7-56bd0fc19d9a", "quantity": "500.00", "min_threshold": "5.00"}}, {"model": "inventory.stockitem", "pk": "17cc9676-2afc-4c90-a08e-e5db5209e965", "fields": {"created_at": "2026-03-27T19:16:14.161Z", "updated_at": "2026-03-27T19:16:14.161Z", "created_by": null, "updated_by": null, "is_active": true, "deleted_at": null, "product": "7f3de511-c500-4122-9012-e4c1d335049b", "variant": null, "outlet": "6576000e-f3c2-4081-81e7-56bd0fc19d9a", "quantity": "500.00", "min_threshold": "5.00"}}, {"model": "inventory.stockitem", "pk": "1bc310cf-5060-453c-a379-efc086972d7c", "fields": {"created_at": "2026-03-27T19:16:14.088Z", "updated_at": "2026-03-27T19:16:14.088Z", "created_by": null, "updated_by": null, "is_active": true, "deleted_at": null, "product": "c87ac5f8-636e-4db4-84bb-7d1e0b8f44a3", "variant": null, "outlet": "6576000e-f3c2-4081-81e7-56bd0fc19d9a", "quantity": "500.00", "min_threshold": "5.00"}}, {"model": "inventory.stockitem", "pk": "1bfb6795-fe6c-4654-a69b-36e9fabfa89f", "fields": {"created_at": "2026-03-27T19:16:14.232Z", "updated_at": "2026-03-27T19:16:14.232Z", "created_by": null, "updated_by": null, "is_active": true, "deleted_at": null, "product": "9a0ab9a9-76c0-4bac-9c60-e31340bf05ef", "variant": null, "outlet": "6576000e-f3c2-4081-81e7-56bd0fc19d9a", "quantity": "500.00", "min_threshold": "5.00"}}, {"model": "inventory.stockitem", "pk": "1c53f94c-c1a8-4260-b140-274e5a30f5a7", "fields": {"created_at": "2026-03-27T19:16:13.980Z", "updated_at": "2026-03-27T19:16:13.980Z", "created_by": null, "updated_by": null, "is_active": true, "deleted_at": null, "product": "1104c630-31cd-4fb5-a697-7eb2be03f5b8", "variant": null, "outlet": "6576000e-f3c2-4081-81e7-56bd0fc19d9a", "quantity": "500.00", "min_threshold": "5.00"}}, {"model": "inventory.stockitem", "pk": "1f167b16-df5e-46eb-ae6a-9da742c341e3", "fields": {"created_at": "2026-03-27T19:16:14.069Z", "updated_at": "2026-03-27T19:16:14.069Z", "created_by": null, "updated_by": null, "is_active": true, "deleted_at": null, "product": "1fea0762-e233-469c-a857-f41497c776eb", "variant": null, "outlet": "6576000e-f3c2-4081-81e7-56bd0fc19d9a", "quantity": "500.00", "min_threshold": "5.00"}}, {"model": "inventory.stockitem", "pk": "227e41f7-165e-4940-8b13-2846ea724522", "fields": {"created_at": "2026-03-27T19:16:14.228Z", "updated_at": "2026-03-27T19:16:14.228Z", "created_by": null, "updated_by": null, "is_active": true, "deleted_at": null, "product": "e8e4a295-9867-4dde-8e2c-7ec3fbb4b4af", "variant": null, "outlet": "6576000e-f3c2-4081-81e7-56bd0fc19d9a", "quantity": "500.00", "min_threshold": "5.00"}}, {"model": "inventory.stockitem", "pk": "22a5d3c2-ee48-4627-b755-1c24b457b1b7", "fields": {"created_at": "2026-03-27T19:16:14.270Z", "updated_at": "2026-03-27T19:16:14.270Z", "created_by": null, "updated_by": null, "is_active": true, "deleted_at": null, "product": "ad648288-5db1-4ea3-abf7-ba05468b11e0", "variant": null, "outlet": "6576000e-f3c2-4081-81e7-56bd0fc19d9a", "quantity": "500.00", "min_threshold": "5.00"}}, {"model": "inventory.stockitem", "pk": "26118724-fd81-4dea-af4d-fab7fc83ac08", "fields": {"created_at": "2026-03-27T19:16:14.058Z", "updated_at": "2026-03-27T19:16:14.058Z", "created_by": null, "updated_by": null, "is_active": true, "deleted_at": null, "product": "87c0b8f0-63bb-47d5-be84-dd61a1b63fa0", "variant": null, "outlet": "6576000e-f3c2-4081-81e7-56bd0fc19d9a", "quantity": "500.00", "min_threshold": "5.00"}}, {"model": "inventory.stockitem", "pk": "284e66f6-b9e7-4069-badf-9318936d7d5f", "fields": {"created_at": "2026-03-27T19:16:13.987Z", "updated_at": "2026-03-27T19:16:13.987Z", "created_by": null, "updated_by": null, "is_active": true, "deleted_at": null, "product": "c83a21eb-6c06-472c-8efb-055e0ac62e6c", "variant": null, "outlet": "6576000e-f3c2-4081-81e7-56bd0fc19d9a", "quantity": "500.00", "min_threshold": "5.00"}}, {"model": "inventory.stockitem", "pk": "40db5059-3cdc-43f0-954b-55e96b2b7c7a", "fields": {"created_at": "2026-03-27T19:16:14.343Z", "updated_at": "2026-03-27T19:16:14.343Z", "created_by": null, "updated_by": null, "is_active": true, "deleted_at": null, "product": "8da630bd-c2e3-4d23-8b3d-9a1f80ed83cc", "variant": null, "outlet": "6576000e-f3c2-4081-81e7-56bd0fc19d9a", "quantity": "500.00", "min_threshold": "5.00"}}, {"model": "inventory.stockitem", "pk": "416dfdf7-1958-4efa-a5cb-81cb4a1d7714", "fields": {"created_at": "2026-03-27T19:16:14.165Z", "updated_at": "2026-03-27T19:16:14.165Z", "created_by": null, "updated_by": null, "is_active": true, "deleted_at": null, "product": "2b4a15bc-4fda-474c-a911-8d5b2979a211", "variant": null, "outlet": "6576000e-f3c2-4081-81e7-56bd0fc19d9a", "quantity": "500.00", "min_threshold": "5.00"}}, {"model": "inventory.stockitem", "pk": "43f9d8d9-522f-4d9c-9a0b-5512dff119c6", "fields": {"created_at": "2026-03-27T19:16:14.033Z", "updated_at": "2026-03-27T19:16:14.033Z", "created_by": null, "updated_by": null, "is_active": true, "deleted_at": null, "product": "c7cc99b4-014d-4644-a567-e0b72a42e8c8", "variant": null, "outlet": "6576000e-f3c2-4081-81e7-56bd0fc19d9a", "quantity": "500.00", "min_threshold": "5.00"}}, {"model": "inventory.stockitem", "pk": "44837af6-9f20-4c61-b541-ff9000d1dc5a", "fields": {"created_at": "2026-03-27T19:16:14.062Z", "updated_at": "2026-03-27T19:16:14.062Z", "created_by": null, "updated_by": null, "is_active": true, "deleted_at": null, "product": "61957091-3bb0-4442-8a64-99157c012c00", "variant": null, "outlet": "6576000e-f3c2-4081-81e7-56bd0fc19d9a", "quantity": "500.00", "min_threshold": "5.00"}}, {"model": "inventory.stockitem", "pk": "45fec23b-6074-4093-83d7-c281149b06f8", "fields": {"created_at": "2026-03-27T19:16:14.104Z", "updated_at": "2026-03-27T19:16:14.104Z", "created_by": null, "updated_by": null, "is_active": true, "deleted_at": null, "product": "740cac23-4f97-4475-8c1b-e8f5ad57c42f", "variant": null, "outlet": "6576000e-f3c2-4081-81e7-56bd0fc19d9a", "quantity": "500.00", "min_threshold": "5.00"}}, {"model": "inventory.stockitem", "pk": "4641c4e5-f007-4336-a46e-a3b35db98a92", "fields": {"created_at": "2026-03-27T19:16:14.203Z", "updated_at": "2026-03-27T19:16:14.203Z", "created_by": null, "updated_by": null, "is_active": true, "deleted_at": null, "product": "7acd5cee-6c34-4de1-937c-52fd986dbc14", "variant": null, "outlet": "6576000e-f3c2-4081-81e7-56bd0fc19d9a", "quantity": "500.00", "min_threshold": "5.00"}}, {"model": "inventory.stockitem", "pk": "477372b8-b215-4f38-b099-4a037a920c2a", "fields": {"created_at": "2026-03-27T19:16:14.017Z", "updated_at": "2026-03-27T19:16:14.017Z", "created_by": null, "updated_by": null, "is_active": true, "deleted_at": null, "product": "1abe4131-b335-450d-8532-d0ead52e6683", "variant": null, "outlet": "6576000e-f3c2-4081-81e7-56bd0fc19d9a", "quantity": "500.00", "min_threshold": "5.00"}}, {"model": "inventory.stockitem", "pk": "4a7168cd-5e65-49b1-965f-2f38ae2f0259", "fields": {"created_at": "2026-03-27T19:16:14.077Z", "updated_at": "2026-03-27T19:16:14.077Z", "created_by": null, "updated_by": null, "is_active": true, "deleted_at": null, "product": "9a3ea35f-367f-4feb-b4a3-d9ca77702d98", "variant": null, "outlet": "6576000e-f3c2-4081-81e7-56bd0fc19d9a", "quantity": "500.00", "min_threshold": "5.00"}}, {"model": "inventory.stockitem", "pk": "4d89c7d6-1f66-42c9-939e-ca65abf1ff43", "fields": {"created_at": "2026-03-27T19:16:14.038Z", "updated_at": "2026-03-27T19:16:14.038Z", "created_by": null, "updated_by": null, "is_active": true, "deleted_at": null, "product": "b39e9050-2c0b-4899-93e2-b19fa1356daf", "variant": null, "outlet": "6576000e-f3c2-4081-81e7-56bd0fc19d9a", "quantity": "500.00", "min_threshold": "5.00"}}, {"model": "inventory.stockitem", "pk": "4e49a085-9b22-4b96-b96e-ffcf61411739", "fields": {"created_at": "2026-03-27T19:16:14.101Z", "updated_at": "2026-03-27T19:16:14.101Z", "created_by": null, "updated_by": null, "is_active": true, "deleted_at": null, "product": "ea3bd415-fb0f-4a00-8f84-e96648659b9f", "variant": null, "outlet": "6576000e-f3c2-4081-81e7-56bd0fc19d9a", "quantity": "500.00", "min_threshold": "5.00"}}, {"model": "inventory.stockitem", "pk": "4eb15aa0-fe4a-429e-b9ca-ea6b8c0ea4a5", "fields": {"created_at": "2026-03-27T19:16:14.288Z", "updated_at": "2026-03-27T19:16:14.288Z", "created_by": null, "updated_by": null, "is_active": true, "deleted_at": null, "product": "8e48d376-6689-426e-ae36-c729b3783f36", "variant": null, "outlet": "6576000e-f3c2-4081-81e7-56bd0fc19d9a", "quantity": "500.00", "min_threshold": "5.00"}}, {"model": "inventory.stockitem", "pk": "50acce30-d167-47ca-905c-969f55cb1019", "fields": {"created_at": "2026-03-27T19:16:14.349Z", "updated_at": "2026-03-27T19:16:14.349Z", "created_by": null, "updated_by": null, "is_active": true, "deleted_at": null, "product": "5fc0f08a-7fa5-482f-8c82-3429ec5a2988", "variant": null, "outlet": "6576000e-f3c2-4081-81e7-56bd0fc19d9a", "quantity": "500.00", "min_threshold": "5.00"}}, {"model": "inventory.stockitem", "pk": "5152db50-ecf2-4f76-8fac-6270777c14a8", "fields": {"created_at": "2026-03-27T19:16:14.300Z", "updated_at": "2026-03-27T19:16:14.300Z", "created_by": null, "updated_by": null, "is_active": true, "deleted_at": null, "product": "2889d5ac-6b57-4f46-aca1-83adb8063e21", "variant": null, "outlet": "6576000e-f3c2-4081-81e7-56bd0fc19d9a", "quantity": "500.00", "min_threshold": "5.00"}}, {"model": "inventory.stockitem", "pk": "550427a3-d3d7-4342-87d2-3b6e989893dd", "fields": {"created_at": "2026-03-27T19:16:13.998Z", "updated_at": "2026-03-27T19:16:13.998Z", "created_by": null, "updated_by": null, "is_active": true, "deleted_at": null, "product": "0f9a9147-f86c-425e-b6c8-ee8b0c3f7bd9", "variant": null, "outlet": "6576000e-f3c2-4081-81e7-56bd0fc19d9a", "quantity": "500.00", "min_threshold": "5.00"}}, {"model": "inventory.stockitem", "pk": "554618b2-8c3b-47a9-a255-136d33cb1fac", "fields": {"created_at": "2026-03-27T19:16:14.295Z", "updated_at": "2026-03-27T19:16:14.295Z", "created_by": null, "updated_by": null, "is_active": true, "deleted_at": null, "product": "7319e04d-b3a9-4df0-a10a-d007fa932aac", "variant": null, "outlet": "6576000e-f3c2-4081-81e7-56bd0fc19d9a", "quantity": "500.00", "min_threshold": "5.00"}}, {"model": "inventory.stockitem", "pk": "5750918c-a35d-4eb1-a15c-d2caab8d8d07", "fields": {"created_at": "2026-03-27T19:16:14.029Z", "updated_at": "2026-03-27T19:16:14.029Z", "created_by": null, "updated_by": null, "is_active": true, "deleted_at": null, "product": "c90dc296-49a2-4ffe-add6-e47c900aaa85", "variant": null, "outlet": "6576000e-f3c2-4081-81e7-56bd0fc19d9a", "quantity": "500.00", "min_threshold": "5.00"}}, {"model": "inventory.stockitem", "pk": "58368b0f-2f86-448f-8734-13171d7788d1", "fields": {"created_at": "2026-03-27T19:16:14.084Z", "updated_at": "2026-03-27T19:16:14.084Z", "created_by": null, "updated_by": null, "is_active": true, "deleted_at": null, "product": "5b9abd5b-5010-458b-b1af-2c7fb19328ce", "variant": null, "outlet": "6576000e-f3c2-4081-81e7-56bd0fc19d9a", "quantity": "500.00", "min_threshold": "5.00"}}, {"model": "inventory.stockitem", "pk": "5a933e24-beaa-43dc-b930-6c21d1956103", "fields": {"created_at": "2026-03-27T19:16:14.112Z", "updated_at": "2026-03-27T19:16:14.112Z", "created_by": null, "updated_by": null, "is_active": true, "deleted_at": null, "product": "832aeec9-d756-487c-914b-8b5ad937c786", "variant": null, "outlet": "6576000e-f3c2-4081-81e7-56bd0fc19d9a", "quantity": "500.00", "min_threshold": "5.00"}}, {"model": "inventory.stockitem", "pk": "600311f1-ae23-41d7-b306-759d78e32f8f", "fields": {"created_at": "2026-03-27T19:16:14.364Z", "updated_at": "2026-03-27T19:16:14.364Z", "created_by": null, "updated_by": null, "is_active": true, "deleted_at": null, "product": "81f24f78-16ce-438f-8191-f867b34407cd", "variant": null, "outlet": "6576000e-f3c2-4081-81e7-56bd0fc19d9a", "quantity": "500.00", "min_threshold": "5.00"}}, {"model": "inventory.stockitem", "pk": "60e78252-bae8-4c0a-905b-96f053912629", "fields": {"created_at": "2026-03-27T19:16:14.236Z", "updated_at": "2026-03-27T19:16:14.236Z", "created_by": null, "updated_by": null, "is_active": true, "deleted_at": null, "product": "e86efa25-ffb7-40dc-8c13-2af3c6706f29", "variant": null, "outlet": "6576000e-f3c2-4081-81e7-56bd0fc19d9a", "quantity": "500.00", "min_threshold": "5.00"}}, {"model": "inventory.stockitem", "pk": "653750e4-61af-40a8-a837-5391f364aeb3", "fields": {"created_at": "2026-03-27T19:16:14.014Z", "updated_at": "2026-03-27T19:16:14.014Z", "created_by": null, "updated_by": null, "is_active": true, "deleted_at": null, "product": "e2292ef0-9a80-4d3f-a517-6f0b9269dea9", "variant": null, "outlet": "6576000e-f3c2-4081-81e7-56bd0fc19d9a", "quantity": "500.00", "min_threshold": "5.00"}}, {"model": "inventory.stockitem", "pk": "74c9b3ab-27c4-4283-b891-6657e23b155d", "fields": {"created_at": "2026-03-27T19:16:14.256Z", "updated_at": "2026-03-27T19:16:14.256Z", "created_by": null, "updated_by": null, "is_active": true, "deleted_at": null, "product": "2bfed1af-893e-4bcf-a2d2-747a8cd021ef", "variant": null, "outlet": "6576000e-f3c2-4081-81e7-56bd0fc19d9a", "quantity": "500.00", "min_threshold": "5.00"}}, {"model": "inventory.stockitem", "pk": "77cc3dd9-83b6-43a8-921d-95d5dbfd8abb", "fields": {"created_at": "2026-03-27T19:16:14.009Z", "updated_at": "2026-03-27T19:16:14.009Z", "created_by": null, "updated_by": null, "is_active": true, "deleted_at": null, "product": "35714131-e74f-43d6-ab21-11862e149028", "variant": null, "outlet": "6576000e-f3c2-4081-81e7-56bd0fc19d9a", "quantity": "500.00", "min_threshold": "5.00"}}, {"model": "inventory.stockitem", "pk": "7da3142e-5cf0-4977-a207-2e81b9f2012e", "fields": {"created_at": "2026-03-27T19:16:14.216Z", "updated_at": "2026-03-27T19:16:14.216Z", "created_by": null, "updated_by": null, "is_active": true, "deleted_at": null, "product": "8af09652-4ff5-4f40-b7a9-7615fca18e26", "variant": null, "outlet": "6576000e-f3c2-4081-81e7-56bd0fc19d9a", "quantity": "500.00", "min_threshold": "5.00"}}, {"model": "inventory.stockitem", "pk": "7fab8008-3cf6-4be2-abf3-a5a3c7332532", "fields": {"created_at": "2026-03-27T19:16:13.984Z", "updated_at": "2026-03-27T19:16:13.984Z", "created_by": null, "updated_by": null, "is_active": true, "deleted_at": null, "product": "8b878d3e-2c3a-4d8b-af8b-090c605e0eaa", "variant": null, "outlet": "6576000e-f3c2-4081-81e7-56bd0fc19d9a", "quantity": "500.00", "min_threshold": "5.00"}}, {"model": "inventory.stockitem", "pk": "82dcb8e0-b32f-4dd0-8ba9-d56f388688ca", "fields": {"created_at": "2026-03-27T19:16:14.005Z", "updated_at": "2026-03-27T19:16:14.005Z", "created_by": null, "updated_by": null, "is_active": true, "deleted_at": null, "product": "cd6149e6-5406-46c9-8117-eefc2cbe55a8", "variant": null, "outlet": "6576000e-f3c2-4081-81e7-56bd0fc19d9a", "quantity": "500.00", "min_threshold": "5.00"}}, {"model": "inventory.stockitem", "pk": "847dc813-d83f-473a-8494-fcef2b41a529", "fields": {"created_at": "2026-03-27T19:16:14.250Z", "updated_at": "2026-03-27T19:16:14.250Z", "created_by": null, "updated_by": null, "is_active": true, "deleted_at": null, "product": "a9845a3d-f9f4-42fa-8fd2-1f3db332fb0c", "variant": null, "outlet": "6576000e-f3c2-4081-81e7-56bd0fc19d9a", "quantity": "500.00", "min_threshold": "5.00"}}, {"model": "inventory.stockitem", "pk": "84b25c0d-c935-4947-9a13-4b2dbf7b6aae", "fields": {"created_at": "2026-03-27T19:16:14.049Z", "updated_at": "2026-03-27T19:16:14.049Z", "created_by": null, "updated_by": null, "is_active": true, "deleted_at": null, "product": "d39c1090-576a-4856-9d84-d22735439b2c", "variant": null, "outlet": "6576000e-f3c2-4081-81e7-56bd0fc19d9a", "quantity": "500.00", "min_threshold": "5.00"}}, {"model": "inventory.stockitem", "pk": "85b30b35-16c3-4a79-844a-9440d1d51b8b", "fields": {"created_at": "2026-03-27T19:16:14.025Z", "updated_at": "2026-03-27T19:16:14.025Z", "created_by": null, "updated_by": null, "is_active": true, "deleted_at": null, "product": "fca2c20e-174d-4abc-aab3-c480142334ac", "variant": null, "outlet": "6576000e-f3c2-4081-81e7-56bd0fc19d9a", "quantity": "500.00", "min_threshold": "5.00"}}, {"model": "inventory.stockitem", "pk": "85e1a626-a805-4fcc-abcb-2579d1c9eb36", "fields": {"created_at": "2026-03-27T19:16:14.185Z", "updated_at": "2026-03-27T19:16:14.185Z", "created_by": null, "updated_by": null, "is_active": true, "deleted_at": null, "product": "85f2622d-0c3b-4cdc-aa91-f37f0ff515a2", "variant": null, "outlet": "6576000e-f3c2-4081-81e7-56bd0fc19d9a", "quantity": "500.00", "min_threshold": "5.00"}}, {"model": "inventory.stockitem", "pk": "85ea7d27-8012-4869-8425-7dc5e7a7d705", "fields": {"created_at": "2026-03-27T19:16:14.140Z", "updated_at": "2026-03-27T19:16:14.140Z", "created_by": null, "updated_by": null, "is_active": true, "deleted_at": null, "product": "3bafbf60-722d-4f42-9bfe-0a935a22d766", "variant": null, "outlet": "6576000e-f3c2-4081-81e7-56bd0fc19d9a", "quantity": "500.00", "min_threshold": "5.00"}}, {"model": "inventory.stockitem", "pk": "87c858dd-c090-4c59-b198-ccd0e0b770d2", "fields": {"created_at": "2026-03-27T19:16:14.181Z", "updated_at": "2026-03-27T19:16:14.181Z", "created_by": null, "updated_by": null, "is_active": true, "deleted_at": null, "product": "437e0149-196e-400a-bd37-de57929d6ccd", "variant": null, "outlet": "6576000e-f3c2-4081-81e7-56bd0fc19d9a", "quantity": "500.00", "min_threshold": "5.00"}}, {"model": "inventory.stockitem", "pk": "8945d8c1-f0ec-4039-bf26-d2718dc06c2b", "fields": {"created_at": "2026-03-27T19:16:14.122Z", "updated_at": "2026-03-27T19:16:14.122Z", "created_by": null, "updated_by": null, "is_active": true, "deleted_at": null, "product": "eba63901-8e5b-4ed5-b6ab-c5e4d700ad34", "variant": null, "outlet": "6576000e-f3c2-4081-81e7-56bd0fc19d9a", "quantity": "500.00", "min_threshold": "5.00"}}, {"model": "inventory.stockitem", "pk": "8b71a1c8-6be7-4b76-a055-6f72738b325b", "fields": {"created_at": "2026-03-27T19:16:14.194Z", "updated_at": "2026-03-27T19:16:14.194Z", "created_by": null, "updated_by": null, "is_active": true, "deleted_at": null, "product": "176b02c7-1895-4746-bb4c-837f408e74ae", "variant": null, "outlet": "6576000e-f3c2-4081-81e7-56bd0fc19d9a", "quantity": "500.00", "min_threshold": "5.00"}}, {"model": "inventory.stockitem", "pk": "8efb584c-2f9d-4292-a110-a417a199b699", "fields": {"created_at": "2026-03-27T19:16:14.054Z", "updated_at": "2026-03-27T19:16:14.054Z", "created_by": null, "updated_by": null, "is_active": true, "deleted_at": null, "product": "04cbf9a7-9d30-420c-b1f9-ea4855e5c7da", "variant": null, "outlet": "6576000e-f3c2-4081-81e7-56bd0fc19d9a", "quantity": "500.00", "min_threshold": "5.00"}}, {"model": "inventory.stockitem", "pk": "8ff2d836-9b02-4da6-abb8-7691a355ca2b", "fields": {"created_at": "2026-03-27T19:16:13.995Z", "updated_at": "2026-03-27T19:16:13.995Z", "created_by": null, "updated_by": null, "is_active": true, "deleted_at": null, "product": "8b2d8681-c25b-4425-8839-1bd5b7ba4132", "variant": null, "outlet": "6576000e-f3c2-4081-81e7-56bd0fc19d9a", "quantity": "500.00", "min_threshold": "5.00"}}, {"model": "inventory.stockitem", "pk": "96005b31-f488-4b43-b2a4-6fa69732338d", "fields": {"created_at": "2026-03-27T19:16:14.224Z", "updated_at": "2026-03-27T19:16:14.224Z", "created_by": null, "updated_by": null, "is_active": true, "deleted_at": null, "product": "30194966-2726-4cf8-84ba-ac282ed4047d", "variant": null, "outlet": "6576000e-f3c2-4081-81e7-56bd0fc19d9a", "quantity": "500.00", "min_threshold": "5.00"}}, {"model": "inventory.stockitem", "pk": "9c96af92-9657-4f00-890a-a868d5dfbbb8", "fields": {"created_at": "2026-03-27T19:16:14.095Z", "updated_at": "2026-03-27T19:16:14.095Z", "created_by": null, "updated_by": null, "is_active": true, "deleted_at": null, "product": "a7b58c1b-b8bb-4910-88b4-fc5e247176c3", "variant": null, "outlet": "6576000e-f3c2-4081-81e7-56bd0fc19d9a", "quantity": "500.00", "min_threshold": "5.00"}}, {"model": "inventory.stockitem", "pk": "9cf7209f-243a-4de7-9ea0-f109e6f2003a", "fields": {"created_at": "2026-03-27T19:16:13.971Z", "updated_at": "2026-03-27T21:33:21.995Z", "created_by": null, "updated_by": null, "is_active": true, "deleted_at": null, "product": "b95f6fd4-3225-4e7e-bc75-0e21edc375d3", "variant": null, "outlet": "6576000e-f3c2-4081-81e7-56bd0fc19d9a", "quantity": "499.00", "min_threshold": "5.00"}}, {"model": "inventory.stockitem", "pk": "a18f698c-6967-4d7d-873c-c0cc03bf55bf", "fields": {"created_at": "2026-03-27T19:16:14.359Z", "updated_at": "2026-03-27T19:16:14.359Z", "created_by": null, "updated_by": null, "is_active": true, "deleted_at": null, "product": "44bcc606-303d-4920-bcca-d94744fb3d4c", "variant": null, "outlet": "6576000e-f3c2-4081-81e7-56bd0fc19d9a", "quantity": "500.00", "min_threshold": "5.00"}}, {"model": "inventory.stockitem", "pk": "a2c117f1-2000-4fd8-8088-d412e1dcfd8c", "fields": {"created_at": "2026-03-27T19:16:14.176Z", "updated_at": "2026-03-27T19:16:14.176Z", "created_by": null, "updated_by": null, "is_active": true, "deleted_at": null, "product": "30ce7bb1-b625-48e2-a6fc-d11fb74ea716", "variant": null, "outlet": "6576000e-f3c2-4081-81e7-56bd0fc19d9a", "quantity": "500.00", "min_threshold": "5.00"}}, {"model": "inventory.stockitem", "pk": "a60504cb-3aae-46ac-bf6c-73f320cbbb10", "fields": {"created_at": "2026-03-27T19:16:14.336Z", "updated_at": "2026-03-27T19:16:14.336Z", "created_by": null, "updated_by": null, "is_active": true, "deleted_at": null, "product": "8ce7c70b-7a5b-4daa-882e-21596d4a3dff", "variant": null, "outlet": "6576000e-f3c2-4081-81e7-56bd0fc19d9a", "quantity": "500.00", "min_threshold": "5.00"}}, {"model": "inventory.stockitem", "pk": "a8b7a73a-34fc-49c2-bd38-1e4beccb9b10", "fields": {"created_at": "2026-03-27T19:16:14.042Z", "updated_at": "2026-03-27T19:16:14.042Z", "created_by": null, "updated_by": null, "is_active": true, "deleted_at": null, "product": "9abd564d-297d-45cd-8b98-1bbb55fa93ef", "variant": null, "outlet": "6576000e-f3c2-4081-81e7-56bd0fc19d9a", "quantity": "500.00", "min_threshold": "5.00"}}, {"model": "inventory.stockitem", "pk": "adb24f97-db53-43b3-a07a-14671d300661", "fields": {"created_at": "2026-03-27T19:16:14.264Z", "updated_at": "2026-03-27T19:16:14.264Z", "created_by": null, "updated_by": null, "is_active": true, "deleted_at": null, "product": "20db2878-6816-4279-bc1a-0e39f024890a", "variant": null, "outlet": "6576000e-f3c2-4081-81e7-56bd0fc19d9a", "quantity": "500.00", "min_threshold": "5.00"}}, {"model": "inventory.stockitem", "pk": "b17843c6-f685-4226-9e52-1dd09f0de403", "fields": {"created_at": "2026-03-27T19:16:14.119Z", "updated_at": "2026-03-27T19:16:14.119Z", "created_by": null, "updated_by": null, "is_active": true, "deleted_at": null, "product": "1205d521-b998-472b-8243-55273683d65d", "variant": null, "outlet": "6576000e-f3c2-4081-81e7-56bd0fc19d9a", "quantity": "500.00", "min_threshold": "5.00"}}, {"model": "inventory.stockitem", "pk": "b6c7e03e-4c53-4223-8de4-32d185f5aa7d", "fields": {"created_at": "2026-03-27T19:16:14.073Z", "updated_at": "2026-03-27T19:16:14.073Z", "created_by": null, "updated_by": null, "is_active": true, "deleted_at": null, "product": "85b66f4c-7a03-4afc-b7ad-ecdf28da9343", "variant": null, "outlet": "6576000e-f3c2-4081-81e7-56bd0fc19d9a", "quantity": "500.00", "min_threshold": "5.00"}}, {"model": "inventory.stockitem", "pk": "b9627b4a-e2e1-4927-9dc7-3a81fa317d1e", "fields": {"created_at": "2026-03-27T19:16:14.199Z", "updated_at": "2026-03-27T19:16:14.199Z", "created_by": null, "updated_by": null, "is_active": true, "deleted_at": null, "product": "33051ce0-a74c-4030-9af9-6b514a5350e8", "variant": null, "outlet": "6576000e-f3c2-4081-81e7-56bd0fc19d9a", "quantity": "500.00", "min_threshold": "5.00"}}, {"model": "inventory.stockitem", "pk": "bd337fd4-7a70-4ed3-91de-d5117498a652", "fields": {"created_at": "2026-03-27T19:16:14.169Z", "updated_at": "2026-03-27T19:16:14.169Z", "created_by": null, "updated_by": null, "is_active": true, "deleted_at": null, "product": "e6e88e95-84af-4440-94f3-fc304795593b", "variant": null, "outlet": "6576000e-f3c2-4081-81e7-56bd0fc19d9a", "quantity": "500.00", "min_threshold": "5.00"}}, {"model": "inventory.stockitem", "pk": "bdf0236c-c179-41d2-ac3a-00fbec5c72f9", "fields": {"created_at": "2026-03-27T19:16:14.137Z", "updated_at": "2026-03-27T19:16:14.137Z", "created_by": null, "updated_by": null, "is_active": true, "deleted_at": null, "product": "8196576c-8737-482e-b2e0-f6da63ea0059", "variant": null, "outlet": "6576000e-f3c2-4081-81e7-56bd0fc19d9a", "quantity": "500.00", "min_threshold": "5.00"}}, {"model": "inventory.stockitem", "pk": "beb72f5d-60f1-421f-ba8a-ba19feccecbf", "fields": {"created_at": "2026-03-27T19:16:14.325Z", "updated_at": "2026-03-27T19:16:14.325Z", "created_by": null, "updated_by": null, "is_active": true, "deleted_at": null, "product": "447382b8-d405-4c46-baed-721a2c1e9a24", "variant": null, "outlet": "6576000e-f3c2-4081-81e7-56bd0fc19d9a", "quantity": "500.00", "min_threshold": "5.00"}}, {"model": "inventory.stockitem", "pk": "bf7c9c02-ce6b-4084-9823-289b004205e6", "fields": {"created_at": "2026-03-27T19:16:14.240Z", "updated_at": "2026-03-27T19:16:14.240Z", "created_by": null, "updated_by": null, "is_active": true, "deleted_at": null, "product": "8b7e06d3-44d2-47b2-91a0-2905cf8f10a5", "variant": null, "outlet": "6576000e-f3c2-4081-81e7-56bd0fc19d9a", "quantity": "500.00", "min_threshold": "5.00"}}, {"model": "inventory.stockitem", "pk": "c5be2de1-0610-419e-b0da-e3b17129ffda", "fields": {"created_at": "2026-03-27T19:16:14.098Z", "updated_at": "2026-03-27T19:16:14.098Z", "created_by": null, "updated_by": null, "is_active": true, "deleted_at": null, "product": "87f50608-876c-4f63-aecc-9ecc71289bd3", "variant": null, "outlet": "6576000e-f3c2-4081-81e7-56bd0fc19d9a", "quantity": "500.00", "min_threshold": "5.00"}}, {"model": "inventory.stockitem", "pk": "c8b6872f-b8da-42a4-90f9-62b79d6c225e", "fields": {"created_at": "2026-03-27T19:16:14.021Z", "updated_at": "2026-03-27T19:16:14.021Z", "created_by": null, "updated_by": null, "is_active": true, "deleted_at": null, "product": "e3bd44f3-ef62-44f0-95d2-b6b1f6fb2932", "variant": null, "outlet": "6576000e-f3c2-4081-81e7-56bd0fc19d9a", "quantity": "500.00", "min_threshold": "5.00"}}, {"model": "inventory.stockitem", "pk": "c91847f1-bbf5-4370-abd9-71f1b458d213", "fields": {"created_at": "2026-03-27T19:16:14.173Z", "updated_at": "2026-03-27T19:16:14.173Z", "created_by": null, "updated_by": null, "is_active": true, "deleted_at": null, "product": "38c25524-0dba-4fb2-8b17-58b69f2f1d6c", "variant": null, "outlet": "6576000e-f3c2-4081-81e7-56bd0fc19d9a", "quantity": "500.00", "min_threshold": "5.00"}}, {"model": "inventory.stockitem", "pk": "cb228ac4-f7ca-4235-aa57-c0e43239b855", "fields": {"created_at": "2026-03-27T19:16:14.091Z", "updated_at": "2026-03-27T19:16:14.091Z", "created_by": null, "updated_by": null, "is_active": true, "deleted_at": null, "product": "548f1549-2157-4e50-9565-ef03ecb0d8d2", "variant": null, "outlet": "6576000e-f3c2-4081-81e7-56bd0fc19d9a", "quantity": "500.00", "min_threshold": "5.00"}}, {"model": "inventory.stockitem", "pk": "cc651d5a-50d5-4291-8d89-3e9c5ac12bbb", "fields": {"created_at": "2026-03-27T19:16:14.046Z", "updated_at": "2026-03-27T19:16:14.046Z", "created_by": null, "updated_by": null, "is_active": true, "deleted_at": null, "product": "56bdb394-1c2b-4af3-beae-f2754424e64c", "variant": null, "outlet": "6576000e-f3c2-4081-81e7-56bd0fc19d9a", "quantity": "500.00", "min_threshold": "5.00"}}, {"model": "inventory.stockitem", "pk": "d062b0cd-35bb-459a-8b75-27123d512ae4", "fields": {"created_at": "2026-03-27T19:16:14.190Z", "updated_at": "2026-03-27T19:16:14.190Z", "created_by": null, "updated_by": null, "is_active": true, "deleted_at": null, "product": "2cf86bc3-2d40-4946-9f1a-6d4b1cf873ff", "variant": null, "outlet": "6576000e-f3c2-4081-81e7-56bd0fc19d9a", "quantity": "500.00", "min_threshold": "5.00"}}, {"model": "inventory.stockitem", "pk": "d1f27b2f-114c-4ce4-8c48-b4b82cac28bd", "fields": {"created_at": "2026-03-27T19:16:14.220Z", "updated_at": "2026-03-27T19:16:14.220Z", "created_by": null, "updated_by": null, "is_active": true, "deleted_at": null, "product": "5e190ba3-107a-4c7e-bd75-c6ae12344c06", "variant": null, "outlet": "6576000e-f3c2-4081-81e7-56bd0fc19d9a", "quantity": "500.00", "min_threshold": "5.00"}}, {"model": "inventory.stockitem", "pk": "d68e7885-7b2c-4db2-8459-c867a0411a10", "fields": {"created_at": "2026-03-27T19:16:14.144Z", "updated_at": "2026-03-27T19:16:14.144Z", "created_by": null, "updated_by": null, "is_active": true, "deleted_at": null, "product": "258230f5-2210-49fd-ad94-d7a77144d0ae", "variant": null, "outlet": "6576000e-f3c2-4081-81e7-56bd0fc19d9a", "quantity": "500.00", "min_threshold": "5.00"}}, {"model": "inventory.stockitem", "pk": "d6fbf8a5-7f2a-4eef-b9be-61ba1fa56f74", "fields": {"created_at": "2026-03-27T19:16:14.330Z", "updated_at": "2026-03-27T19:16:14.330Z", "created_by": null, "updated_by": null, "is_active": true, "deleted_at": null, "product": "a852dfa5-346c-4046-b137-6895e5756af9", "variant": null, "outlet": "6576000e-f3c2-4081-81e7-56bd0fc19d9a", "quantity": "500.00", "min_threshold": "5.00"}}, {"model": "inventory.stockitem", "pk": "dbf93e5c-6e30-455f-9be1-5fca787ed17c", "fields": {"created_at": "2026-03-27T19:16:14.211Z", "updated_at": "2026-03-27T19:16:14.211Z", "created_by": null, "updated_by": null, "is_active": true, "deleted_at": null, "product": "8d6c9284-fdbc-40e6-8f4f-139ecca09474", "variant": null, "outlet": "6576000e-f3c2-4081-81e7-56bd0fc19d9a", "quantity": "500.00", "min_threshold": "5.00"}}, {"model": "inventory.stockitem", "pk": "dde8495c-1b95-49a2-9534-a8d145c3ae7a", "fields": {"created_at": "2026-03-27T19:16:14.279Z", "updated_at": "2026-03-27T20:45:38.273Z", "created_by": null, "updated_by": null, "is_active": true, "deleted_at": null, "product": "3265c8fc-2fe1-4351-a48c-f358c5660957", "variant": null, "outlet": "6576000e-f3c2-4081-81e7-56bd0fc19d9a", "quantity": "500.00", "min_threshold": "100.00"}}, {"model": "inventory.stockitem", "pk": "e1e5cdec-f803-4b7c-83ab-86787ec1d799", "fields": {"created_at": "2026-03-27T19:16:14.244Z", "updated_at": "2026-03-27T19:16:14.244Z", "created_by": null, "updated_by": null, "is_active": true, "deleted_at": null, "product": "72772385-a378-419a-aa5e-f2512cd4051d", "variant": null, "outlet": "6576000e-f3c2-4081-81e7-56bd0fc19d9a", "quantity": "500.00", "min_threshold": "5.00"}}, {"model": "inventory.stockitem", "pk": "e5ed2f0e-2d7f-4e59-9033-d4cf2cda732a", "fields": {"created_at": "2026-03-27T19:16:13.991Z", "updated_at": "2026-03-27T19:16:13.991Z", "created_by": null, "updated_by": null, "is_active": true, "deleted_at": null, "product": "601c0da9-8210-4c5f-88cf-eaeb6028f2ae", "variant": null, "outlet": "6576000e-f3c2-4081-81e7-56bd0fc19d9a", "quantity": "500.00", "min_threshold": "5.00"}}, {"model": "inventory.stockitem", "pk": "e7c20759-084e-40e3-9603-a02fa67711e9", "fields": {"created_at": "2026-03-27T19:16:14.309Z", "updated_at": "2026-03-27T19:16:14.309Z", "created_by": null, "updated_by": null, "is_active": true, "deleted_at": null, "product": "a1efd108-e69c-4898-84f9-ed46c588b06a", "variant": null, "outlet": "6576000e-f3c2-4081-81e7-56bd0fc19d9a", "quantity": "500.00", "min_threshold": "5.00"}}, {"model": "inventory.stockitem", "pk": "ea2c0908-061e-4c5b-ba05-f25357210a38", "fields": {"created_at": "2026-03-27T19:16:13.975Z", "updated_at": "2026-03-27T19:16:13.975Z", "created_by": null, "updated_by": null, "is_active": true, "deleted_at": null, "product": "e8d8a855-1fb1-4a76-9242-a70420f58b5c", "variant": null, "outlet": "6576000e-f3c2-4081-81e7-56bd0fc19d9a", "quantity": "500.00", "min_threshold": "5.00"}}, {"model": "inventory.stockitem", "pk": "eb52accf-a0c9-4306-b332-10e6e83dd147", "fields": {"created_at": "2026-03-27T19:16:14.368Z", "updated_at": "2026-03-27T19:16:14.368Z", "created_by": null, "updated_by": null, "is_active": true, "deleted_at": null, "product": "21a38fd6-c78e-4bd1-b1d1-27d80364da1a", "variant": null, "outlet": "6576000e-f3c2-4081-81e7-56bd0fc19d9a", "quantity": "500.00", "min_threshold": "5.00"}}, {"model": "inventory.stockitem", "pk": "ed75b44a-9e38-4177-8767-6e9aefe3b4e2", "fields": {"created_at": "2026-03-27T19:16:13.966Z", "updated_at": "2026-03-28T06:18:11.776Z", "created_by": null, "updated_by": null, "is_active": true, "deleted_at": null, "product": "14a35417-73c2-4222-a16b-ec779bd3a41f", "variant": null, "outlet": "6576000e-f3c2-4081-81e7-56bd0fc19d9a", "quantity": "3.60", "min_threshold": "5.00"}}, {"model": "inventory.stockitem", "pk": "f17c5255-2f8a-491a-b6df-ab971cc77505", "fields": {"created_at": "2026-03-27T19:16:14.081Z", "updated_at": "2026-03-27T19:16:14.081Z", "created_by": null, "updated_by": null, "is_active": true, "deleted_at": null, "product": "6cdf6473-f856-42cb-a273-c2800ecba27b", "variant": null, "outlet": "6576000e-f3c2-4081-81e7-56bd0fc19d9a", "quantity": "500.00", "min_threshold": "5.00"}}, {"model": "inventory.stockitem", "pk": "f4a87740-2626-42dd-bbd7-742ba36433f6", "fields": {"created_at": "2026-03-27T19:16:14.148Z", "updated_at": "2026-03-27T19:16:14.148Z", "created_by": null, "updated_by": null, "is_active": true, "deleted_at": null, "product": "f08a634a-1ed5-4a36-9574-f4bc42aae6fd", "variant": null, "outlet": "6576000e-f3c2-4081-81e7-56bd0fc19d9a", "quantity": "500.00", "min_threshold": "5.00"}}, {"model": "inventory.stockitem", "pk": "f60dc039-8156-46a6-b67b-878e663531e8", "fields": {"created_at": "2026-03-27T19:16:14.318Z", "updated_at": "2026-03-27T19:16:14.318Z", "created_by": null, "updated_by": null, "is_active": true, "deleted_at": null, "product": "53051d79-d673-4f9a-a788-b344364af37e", "variant": null, "outlet": "6576000e-f3c2-4081-81e7-56bd0fc19d9a", "quantity": "500.00", "min_threshold": "5.00"}}, {"model": "inventory.stockitem", "pk": "f7527d68-da0f-403e-8ada-25822740c885", "fields": {"created_at": "2026-03-27T19:16:14.115Z", "updated_at": "2026-03-27T19:16:14.115Z", "created_by": null, "updated_by": null, "is_active": true, "deleted_at": null, "product": "09b0efb4-c045-493e-b697-93f391719b00", "variant": null, "outlet": "6576000e-f3c2-4081-81e7-56bd0fc19d9a", "quantity": "500.00", "min_threshold": "5.00"}}, {"model": "inventory.stockitem", "pk": "f8ed9efd-0678-4caa-9758-3f7c6d7e3683", "fields": {"created_at": "2026-03-27T19:16:14.157Z", "updated_at": "2026-03-27T19:16:14.157Z", "created_by": null, "updated_by": null, "is_active": true, "deleted_at": null, "product": "af112e08-6dc7-44d2-8226-f9eb89b9e39d", "variant": null, "outlet": "6576000e-f3c2-4081-81e7-56bd0fc19d9a", "quantity": "500.00", "min_threshold": "5.00"}}, {"model": "inventory.stockitem", "pk": "f957c1db-4982-4968-af6c-ca875b970a4c", "fields": {"created_at": "2026-03-27T19:16:14.132Z", "updated_at": "2026-03-27T19:16:14.132Z", "created_by": null, "updated_by": null, "is_active": true, "deleted_at": null, "product": "906021db-63e9-4d0e-bd84-83ebb0872e0e", "variant": null, "outlet": "6576000e-f3c2-4081-81e7-56bd0fc19d9a", "quantity": "500.00", "min_threshold": "5.00"}}, {"model": "inventory.stockitem", "pk": "fb3d6d70-f2b4-416b-ac16-6c95c07b4d07", "fields": {"created_at": "2026-03-27T19:16:14.355Z", "updated_at": "2026-03-27T19:16:14.355Z", "created_by": null, "updated_by": null, "is_active": true, "deleted_at": null, "product": "b15a69f4-1082-45a4-9dda-d945b71b68e0", "variant": null, "outlet": "6576000e-f3c2-4081-81e7-56bd0fc19d9a", "quantity": "500.00", "min_threshold": "5.00"}}, {"model": "inventory.stockitem", "pk": "fd4ad3c6-5ace-40e7-aa41-52c6ac2b26d8", "fields": {"created_at": "2026-03-27T19:16:14.206Z", "updated_at": "2026-03-27T19:16:14.206Z", "created_by": null, "updated_by": null, "is_active": true, "deleted_at": null, "product": "c43c3cd5-10ed-49aa-a38d-918afa39c457", "variant": null, "outlet": "6576000e-f3c2-4081-81e7-56bd0fc19d9a", "quantity": "500.00", "min_threshold": "5.00"}}, {"model": "inventory.stockitem", "pk": "fe891851-8f94-4721-bead-935f32654b75", "fields": {"created_at": "2026-03-27T19:16:14.107Z", "updated_at": "2026-03-27T19:16:14.107Z", "created_by": null, "updated_by": null, "is_active": true, "deleted_at": null, "product": "7cd34f45-6c82-4fa9-b106-5f86a058e10e", "variant": null, "outlet": "6576000e-f3c2-4081-81e7-56bd0fc19d9a", "quantity": "500.00", "min_threshold": "5.00"}}, {"model": "inventory.inventorytransaction", "pk": "125d3486-b02d-4389-8332-a823a48c7d49", "fields": {"created_at": "2026-03-27T20:23:25.976Z", "updated_at": "2026-03-27T20:23:25.976Z", "created_by": null, "updated_by": null, "is_active": true, "deleted_at": null, "stock_item": "867b4e40-2944-40db-ba6a-445f346d654c", "transaction_type": "sale", "quantity": "1.00", "reference_id": "e0629e3c-5862-4768-a9ca-aa2cd03e554a", "notes": "Order ORD-20260327-0007"}}, {"model": "inventory.inventorytransaction", "pk": "23933d6f-7dff-4552-89c4-4669a94da48c", "fields": {"created_at": "2026-03-27T20:23:07.178Z", "updated_at": "2026-03-27T20:23:07.178Z", "created_by": null, "updated_by": null, "is_active": true, "deleted_at": null, "stock_item": "ed75b44a-9e38-4177-8767-6e9aefe3b4e2", "transaction_type": "adjustment", "quantity": "3.00", "reference_id": null, "notes": "Manual set: 9.00 \u2192 6"}}, {"model": "inventory.inventorytransaction", "pk": "595fc569-af0d-4c44-95c3-951a34aa3a7a", "fields": {"created_at": "2026-03-27T21:33:21.988Z", "updated_at": "2026-03-27T21:33:21.988Z", "created_by": null, "updated_by": null, "is_active": true, "deleted_at": null, "stock_item": "ed75b44a-9e38-4177-8767-6e9aefe3b4e2", "transaction_type": "sale", "quantity": "1.00", "reference_id": "12e80b2c-1a41-4471-a7c6-dad66f2f82e9", "notes": "Order ORD-20260327-0009"}}, {"model": "inventory.inventorytransaction", "pk": "6c5398e7-2bf2-4529-8df8-9c499c274183", "fields": {"created_at": "2026-03-27T20:11:17.905Z", "updated_at": "2026-03-27T20:11:17.905Z", "created_by": null, "updated_by": null, "is_active": true, "deleted_at": null, "stock_item": "ed75b44a-9e38-4177-8767-6e9aefe3b4e2", "transaction_type": "adjustment", "quantity": "498.00", "reference_id": null, "notes": "Manual set: 500.00 \u2192 2"}}, {"model": "inventory.inventorytransaction", "pk": "6d621d14-095c-4b15-a0aa-f05605545546", "fields": {"created_at": "2026-03-27T20:20:55.155Z", "updated_at": "2026-03-27T20:20:55.155Z", "created_by": null, "updated_by": null, "is_active": true, "deleted_at": null, "stock_item": "ed75b44a-9e38-4177-8767-6e9aefe3b4e2", "transaction_type": "adjustment", "quantity": "5.00", "reference_id": null, "notes": "Manual set: 4.00 \u2192 9"}}, {"model": "inventory.inventorytransaction", "pk": "757f367f-70b1-4c16-bf28-c1316ff00ea8", "fields": {"created_at": "2026-03-27T20:45:38.281Z", "updated_at": "2026-03-27T20:45:38.281Z", "created_by": null, "updated_by": null, "is_active": true, "deleted_at": null, "stock_item": "dde8495c-1b95-49a2-9534-a8d145c3ae7a", "transaction_type": "adjustment", "quantity": "0.00", "reference_id": null, "notes": "Manual set: 500.00 \u2192 500"}}, {"model": "inventory.inventorytransaction", "pk": "7e05e776-f0c8-40c9-9419-b304f68b1651", "fields": {"created_at": "2026-03-27T20:20:39.141Z", "updated_at": "2026-03-27T20:20:39.141Z", "created_by": null, "updated_by": null, "is_active": true, "deleted_at": null, "stock_item": "ed75b44a-9e38-4177-8767-6e9aefe3b4e2", "transaction_type": "adjustment", "quantity": "3.00", "reference_id": null, "notes": "Manual set: 7.00 \u2192 4"}}, {"model": "inventory.inventorytransaction", "pk": "a07b6791-3033-4c05-b27f-feee0981f65b", "fields": {"created_at": "2026-03-27T20:20:28.270Z", "updated_at": "2026-03-27T20:20:28.270Z", "created_by": null, "updated_by": null, "is_active": true, "deleted_at": null, "stock_item": "ed75b44a-9e38-4177-8767-6e9aefe3b4e2", "transaction_type": "adjustment", "quantity": "5.00", "reference_id": null, "notes": "Manual set: 2.00 \u2192 7"}}, {"model": "inventory.inventorytransaction", "pk": "bf91d81a-dfdb-4bfe-97ae-130ebfeb7927", "fields": {"created_at": "2026-03-27T20:32:42.586Z", "updated_at": "2026-03-27T20:32:42.586Z", "created_by": null, "updated_by": null, "is_active": true, "deleted_at": null, "stock_item": "ed75b44a-9e38-4177-8767-6e9aefe3b4e2", "transaction_type": "sale", "quantity": "1.00", "reference_id": "9885a1d4-1903-488c-842a-f40238cd2afc", "notes": "Order ORD-20260327-0008"}}, {"model": "inventory.inventorytransaction", "pk": "c7e94922-d7a4-4f57-b581-d1fd934b5330", "fields": {"created_at": "2026-03-27T21:33:21.999Z", "updated_at": "2026-03-27T21:33:21.999Z", "created_by": null, "updated_by": null, "is_active": true, "deleted_at": null, "stock_item": "9cf7209f-243a-4de7-9ea0-f109e6f2003a", "transaction_type": "sale", "quantity": "1.00", "reference_id": "12e80b2c-1a41-4471-a7c6-dad66f2f82e9", "notes": "Order ORD-20260327-0009"}}, {"model": "inventory.inventorytransaction", "pk": "d02ee3d1-a26c-4644-b666-57b7232ddbac", "fields": {"created_at": "2026-03-27T20:32:32.758Z", "updated_at": "2026-03-27T20:32:32.758Z", "created_by": null, "updated_by": null, "is_active": true, "deleted_at": null, "stock_item": "ed75b44a-9e38-4177-8767-6e9aefe3b4e2", "transaction_type": "adjustment", "quantity": "1.00", "reference_id": null, "notes": "Manual set: 5.00 \u2192 6"}}, {"model": "inventory.inventorytransaction", "pk": "f16a28c8-dd6a-40bc-8847-846831bb4905", "fields": {"created_at": "2026-03-28T06:18:11.785Z", "updated_at": "2026-03-28T06:18:11.785Z", "created_by": null, "updated_by": null, "is_active": true, "deleted_at": null, "stock_item": "ed75b44a-9e38-4177-8767-6e9aefe3b4e2", "transaction_type": "sale", "quantity": "0.40", "reference_id": "f3600e06-29be-4e57-bf08-82924f85f977", "notes": "Order ORD-20260328-0001"}}, {"model": "inventory.inventorytransaction", "pk": "f1d7ffe2-af4f-4c56-8e62-bed053e2b4da", "fields": {"created_at": "2026-03-27T20:20:17.023Z", "updated_at": "2026-03-27T20:20:17.023Z", "created_by": null, "updated_by": null, "is_active": true, "deleted_at": null, "stock_item": "ed75b44a-9e38-4177-8767-6e9aefe3b4e2", "transaction_type": "adjustment", "quantity": "0.00", "reference_id": null, "notes": "Manual set: 2.00 \u2192 2"}}, {"model": "customers.customer", "pk": "76842202-c27a-4cb2-8825-76a4e68ec207", "fields": {"created_at": "2026-03-28T06:18:11.718Z", "updated_at": "2026-03-28T06:18:11.718Z", "created_by": null, "updated_by": null, "is_active": true, "deleted_at": null, "phone": "999376734", "name": "", "email": "", "loyalty_points": 0, "total_spent": "0.00"}}, {"model": "core.auditlog", "pk": "0942904d-edcb-48ae-b858-4f391bf7b0e7", "fields": {"timestamp": "2026-03-25T23:05:53.691Z", "user": ["atul@atulpos.com"], "action": "ORDER_CREATE", "app_label": "orders", "model_name": "order", "object_id": "878a0dfb-b691-405f-b239-38e4752ca273", "description": "Order ORD-20260325-0008 created for dine_in.", "changes": "{}", "ip_address": null}}, {"model": "core.auditlog", "pk": "144aebf6-81f6-40c9-b6aa-960def2d24f9", "fields": {"timestamp": "2026-03-26T06:21:37.829Z", "user": ["atul@atulpos.com"], "action": "ORDER_CREATE", "app_label": "orders", "model_name": "order", "object_id": "872093b2-93b8-497b-b46a-40675ba0d876", "description": "Order ORD-20260326-0003 created for dine_in.", "changes": "{}", "ip_address": null}}, {"model": "core.auditlog", "pk": "1bad05f9-4c3e-4b4e-9738-5e00a971c6b7", "fields": {"timestamp": "2026-03-25T10:01:36.596Z", "user": ["atul@atulpos.com"], "action": "ORDER_CREATE", "app_label": "orders", "model_name": "order", "object_id": "38f91dd1-5da3-412b-b09c-5f6f323e06a5", "description": "Order ORD-20260325-0001 created for dine_in.", "changes": "{}", "ip_address": null}}, {"model": "core.auditlog", "pk": "25f2f8a4-0690-483b-af21-9de84a212477", "fields": {"timestamp": "2026-03-26T07:01:19.140Z", "user": ["atul@atulpos.com"], "action": "ORDER_CREATE", "app_label": "orders", "model_name": "order", "object_id": "9c6cf8c7-332c-4b21-b6dc-baa5a860e4e7", "description": "Order ORD-20260326-0006 created for dine_in.", "changes": "{}", "ip_address": null}}, {"model": "core.auditlog", "pk": "2caa59c3-aeec-4365-9638-53eefe425558", "fields": {"timestamp": "2026-03-27T21:33:22.010Z", "user": ["atul@atulpos.com"], "action": "ORDER_CREATE", "app_label": "orders", "model_name": "order", "object_id": "12e80b2c-1a41-4471-a7c6-dad66f2f82e9", "description": "Order ORD-20260327-0009 created for dine_in.", "changes": "{}", "ip_address": null}}, {"model": "core.auditlog", "pk": "336d22f3-06eb-4f35-a5df-8b9d0c7be3a1", "fields": {"timestamp": "2026-03-25T23:05:36.108Z", "user": ["atul@atulpos.com"], "action": "ORDER_CREATE", "app_label": "orders", "model_name": "order", "object_id": "6929e162-88d8-4022-a7ed-b036209787a7", "description": "Order ORD-20260325-0005 created for dine_in.", "changes": "{}", "ip_address": null}}, {"model": "core.auditlog", "pk": "41fe0c5d-fad8-4b16-a8cc-42b78e4555a2", "fields": {"timestamp": "2026-03-27T14:48:25.063Z", "user": ["atul@atulpos.com"], "action": "ORDER_CREATE", "app_label": "orders", "model_name": "order", "object_id": "8dd2f1ef-fa56-4c96-941c-d1d12a1bdf12", "description": "Order ORD-20260327-0002 created for dine_in.", "changes": "{}", "ip_address": null}}, {"model": "core.auditlog", "pk": "42a49af4-ac98-437b-bf4d-e6e5dd1572e3", "fields": {"timestamp": "2026-03-25T23:05:49.211Z", "user": ["atul@atulpos.com"], "action": "ORDER_CREATE", "app_label": "orders", "model_name": "order", "object_id": "29dab340-623d-4f9c-957a-691c66665881", "description": "Order ORD-20260325-0007 created for dine_in.", "changes": "{}", "ip_address": null}}, {"model": "core.auditlog", "pk": "4b11cde5-1f5b-463c-89e9-c7b675cb081a", "fields": {"timestamp": "2026-03-25T10:04:54.462Z", "user": ["atul@atulpos.com"], "action": "ORDER_CREATE", "app_label": "orders", "model_name": "order", "object_id": "5eafe745-38b3-461c-ac0c-4a2b49b1aeac", "description": "Order ORD-20260325-0002 created for dine_in.", "changes": "{}", "ip_address": null}}, {"model": "core.auditlog", "pk": "4d284b63-9476-4121-8039-815f87db3bcb", "fields": {"timestamp": "2026-03-25T23:06:00.578Z", "user": ["atul@atulpos.com"], "action": "ORDER_CREATE", "app_label": "orders", "model_name": "order", "object_id": "4b34f8ea-9cb6-4d02-bb6a-68d092a19db7", "description": "Order ORD-20260325-0010 created for dine_in.", "changes": "{}", "ip_address": null}}, {"model": "core.auditlog", "pk": "53936648-adf6-4218-858c-5122e723759f", "fields": {"timestamp": "2026-03-26T06:19:23.345Z", "user": ["atul@atulpos.com"], "action": "ORDER_CREATE", "app_label": "orders", "model_name": "order", "object_id": "ba482cf3-74c1-4864-a715-d5a67036b6f8", "description": "Order ORD-20260326-0001 created for dine_in.", "changes": "{}", "ip_address": null}}, {"model": "core.auditlog", "pk": "667f960c-e18b-4a28-8386-c6ddc0addb14", "fields": {"timestamp": "2026-03-27T07:01:10.952Z", "user": ["atul@atulpos.com"], "action": "ORDER_CREATE", "app_label": "orders", "model_name": "order", "object_id": "8aa41f9f-bc59-4377-ba4a-37dcd245e924", "description": "Order ORD-20260327-0001 created for dine_in.", "changes": "{}", "ip_address": null}}, {"model": "core.auditlog", "pk": "67cb218d-a2d9-4c15-ac2f-28a647e9a50c", "fields": {"timestamp": "2026-03-26T06:25:31.344Z", "user": ["atul@atulpos.com"], "action": "ORDER_CREATE", "app_label": "orders", "model_name": "order", "object_id": "5014f31b-11b9-45ec-91bc-97bc87be9c40", "description": "Order ORD-20260326-0004 created for dine_in.", "changes": "{}", "ip_address": null}}, {"model": "core.auditlog", "pk": "70cc6009-c4f7-439c-8eda-310429fbadab", "fields": {"timestamp": "2026-03-25T23:06:04.463Z", "user": ["atul@atulpos.com"], "action": "ORDER_CREATE", "app_label": "orders", "model_name": "order", "object_id": "74a3f70e-2d80-4823-b721-d2140bef3b2a", "description": "Order ORD-20260325-0011 created for dine_in.", "changes": "{}", "ip_address": null}}, {"model": "core.auditlog", "pk": "89e2efaa-5cd1-4184-bf6b-1d09619a8803", "fields": {"timestamp": "2026-03-25T23:05:57.097Z", "user": ["atul@atulpos.com"], "action": "ORDER_CREATE", "app_label": "orders", "model_name": "order", "object_id": "5ae3ac4d-8883-47a1-bb0f-714ed9a0f90a", "description": "Order ORD-20260325-0009 created for dine_in.", "changes": "{}", "ip_address": null}}, {"model": "core.auditlog", "pk": "b619e474-907b-4f61-95f5-3ecb47e37d55", "fields": {"timestamp": "2026-03-25T23:05:44.130Z", "user": ["atul@atulpos.com"], "action": "ORDER_CREATE", "app_label": "orders", "model_name": "order", "object_id": "8e724c66-54fc-4672-bae4-b614e9dae212", "description": "Order ORD-20260325-0006 created for dine_in.", "changes": "{}", "ip_address": null}}, {"model": "core.auditlog", "pk": "b89ff51b-b034-41aa-a7c1-6e08169cbab6", "fields": {"timestamp": "2026-03-27T20:23:25.985Z", "user": ["atul@atulpos.com"], "action": "ORDER_CREATE", "app_label": "orders", "model_name": "order", "object_id": "e0629e3c-5862-4768-a9ca-aa2cd03e554a", "description": "Order ORD-20260327-0007 created for dine_in.", "changes": "{}", "ip_address": null}}, {"model": "core.auditlog", "pk": "c08c7169-bdf6-4eaf-a9ac-d174680e7a5d", "fields": {"timestamp": "2026-03-25T23:05:28.609Z", "user": ["atul@atulpos.com"], "action": "ORDER_CREATE", "app_label": "orders", "model_name": "order", "object_id": "d72500f7-de48-4fa1-a665-60fd76897cfa", "description": "Order ORD-20260325-0004 created for dine_in.", "changes": "{}", "ip_address": null}}, {"model": "core.auditlog", "pk": "c16b7b90-fc46-405a-b0a2-b5574068da03", "fields": {"timestamp": "2026-03-27T17:58:00.059Z", "user": ["atul@atulpos.com"], "action": "ORDER_CREATE", "app_label": "orders", "model_name": "order", "object_id": "27d0d087-339f-4e75-94e6-3ccecb58f78f", "description": "Order ORD-20260327-0003 created for dine_in.", "changes": "{}", "ip_address": null}}, {"model": "core.auditlog", "pk": "c420857d-48ab-4a12-a0cd-4a126d9a8c97", "fields": {"timestamp": "2026-03-27T18:56:11.061Z", "user": ["atul@atulpos.com"], "action": "ORDER_CREATE", "app_label": "orders", "model_name": "order", "object_id": "2b72fa1a-6a96-4c8c-901a-74c0972e5ff4", "description": "Order ORD-20260327-0006 created for dine_in.", "changes": "{}", "ip_address": null}}, {"model": "core.auditlog", "pk": "c8e03b28-817b-45f8-8422-c04972718743", "fields": {"timestamp": "2026-03-26T06:51:59.818Z", "user": ["atul@atulpos.com"], "action": "ORDER_CREATE", "app_label": "orders", "model_name": "order", "object_id": "1d893724-ba5d-46f1-8132-baac661d1013", "description": "Order ORD-20260326-0005 created for dine_in.", "changes": "{}", "ip_address": null}}, {"model": "core.auditlog", "pk": "cbaf4bec-8b8d-4364-82bb-e13581853405", "fields": {"timestamp": "2026-03-28T06:18:11.792Z", "user": ["atul@atulpos.com"], "action": "ORDER_CREATE", "app_label": "orders", "model_name": "order", "object_id": "f3600e06-29be-4e57-bf08-82924f85f977", "description": "Order ORD-20260328-0001 created for dine_in.", "changes": "{}", "ip_address": null}}, {"model": "core.auditlog", "pk": "d4cb6003-6b75-47d0-bc18-e508a2e47833", "fields": {"timestamp": "2026-03-27T18:28:35.958Z", "user": ["atul@atulpos.com"], "action": "ORDER_CREATE", "app_label": "orders", "model_name": "order", "object_id": "862bb392-529b-4b64-9adc-303476ce8a54", "description": "Order ORD-20260327-0004 created for dine_in.", "changes": "{}", "ip_address": null}}, {"model": "core.auditlog", "pk": "de68308c-5729-4af0-b215-dc8f1d39cd5c", "fields": {"timestamp": "2026-03-26T06:20:14.440Z", "user": ["atul@atulpos.com"], "action": "ORDER_CREATE", "app_label": "orders", "model_name": "order", "object_id": "1dfdcb77-bcd6-4397-960d-1c8119d9912b", "description": "Order ORD-20260326-0002 created for dine_in.", "changes": "{}", "ip_address": null}}, {"model": "core.auditlog", "pk": "e9cf03fd-baef-41c5-80da-7fd8145e7860", "fields": {"timestamp": "2026-03-27T18:51:14.963Z", "user": ["atul@atulpos.com"], "action": "ORDER_CREATE", "app_label": "orders", "model_name": "order", "object_id": "6481f94f-17f6-4f60-b1d1-f1a956c7c8fc", "description": "Order ORD-20260327-0005 created for dine_in.", "changes": "{}", "ip_address": null}}, {"model": "core.auditlog", "pk": "fe36af79-af2d-4a1b-b6b2-86fb1f07bcd4", "fields": {"timestamp": "2026-03-27T20:32:42.593Z", "user": ["atul@atulpos.com"], "action": "ORDER_CREATE", "app_label": "orders", "model_name": "order", "object_id": "9885a1d4-1903-488c-842a-f40238cd2afc", "description": "Order ORD-20260327-0008 created for dine_in.", "changes": "{}", "ip_address": null}}, {"model": "core.auditlog", "pk": "fe7f221e-78a4-4c8d-99b9-5b48a234338d", "fields": {"timestamp": "2026-03-25T11:34:20.630Z", "user": ["atul@atulpos.com"], "action": "ORDER_CREATE", "app_label": "orders", "model_name": "order", "object_id": "f92d1324-da56-4766-9d87-26c97d11ccac", "description": "Order ORD-20260325-0003 created for dine_in.", "changes": "{}", "ip_address": null}}]